{
  "resourceType": "ValueSet",
  "id": "04e15b9e-7dc5-4455-ae70-d3f8e677b7f8",
  "meta": {
    "lastUpdated": "2021-12-01T13:16:09.8385573+00:00"
  },
  "language": "pt-BR",
  "url": "http://www.saude.gov.br/fhir/r4/ValueSet/BRUnidadeTempo",
  "version": "01.00",
  "name": "Unidade de Tempo",
  "status": "draft",
  "experimental": false,
  "date": "2021-12-01T13:16:09.8385573+00:00",
  "publisher": "Ministério da Saúde do Brasil",
  "description": "ValueSet utilizado para definir uma unidade de tempo.",
  "immutable": false,
  "compose": {
    "include": [
      {
        "system": "http://www.saude.gov.br/fhir/r4/CodeSystem/BRUnidadeTempo",
        "version": "*"
      }
    ]
  }
}