{
  "resourceType": "ValueSet",
  "id": "2fc05498-136e-40fc-8cd7-0107fc263cb4",
  "meta": {
    "lastUpdated": "2020-04-07T12:14:10.395+00:00"
  },
  "language": "pt-BR",
  "url": "http://www.saude.gov.br/fhir/r4/ValueSet/BREstadoEvento-1.0",
  "version": "1.0",
  "name": "Estado do Evento",
  "status": "active",
  "experimental": false,
  "date": "2020-04-07T12:14:07.8417018+00:00",
  "publisher": "Ministério da Saúde do Brasil",
  "description": "Identificação do estado de um evento.",
  "immutable": false,
  "compose": {
    "include": [
      {
        "system": "http://hl7.org/fhir/event-status",
        "version": "*",
        "concept": [
          {
            "code": "preparation",
            "display": "Solicitado"
          },
          {
            "code": "on-hold",
            "display": "Suspenso"
          },
          {
            "code": "completed",
            "display": "Concluído"
          },
          {
            "code": "entered-in-error",
            "display": "Cancelado por informação errada"
          }
        ]
      }
    ]
  }
}