{
  "resourceType": "StructureDefinition",
  "meta": {
    "lastUpdated": "2020-03-13T20:45:48.345+00:00"
  },
  "language": "pt-BR",
  "url": "http://www.saude.gov.br/fhir/r4/StructureDefinition/BRAdministradorTerceiro-1.0",
  "version": "1.0",
  "name": "BRAdministradorTerceiro",
  "title": "Gerente/Administrador (Terceiro) ou Interveniente",
  "status": "active",
  "date": "2020-03-13T20:46:11.8055992+00:00",
  "publisher": "Ministério da Saúde do Brasil",
  "description": "Identifica organizações que são gerentes/administradoras (terceiras) ou intervenientes de outras.",
  "fhirVersion": "4.0.0",
  "kind": "complex-type",
  "abstract": false,
  "context": [
    {
      "type": "element",
      "expression": "Organization"
    }
  ],
  "type": "Extension",
  "baseDefinition": "http://hl7.org/fhir/StructureDefinition/Extension",
  "derivation": "constraint",
  "differential": {
    "element": [
      {
        "id": "Extension",
        "path": "Extension",
        "short": "Gerente/Administrador (Terceiro) ou Interveniente",
        "definition": "Identifica organizações que são gerentes/administradoras (terceiras) ou intervenientes de outras."
      },
      {
        "id": "Extension.url",
        "path": "Extension.url",
        "fixedUri": "http://www.saude.gov.br/fhir/r4/StructureDefinition/BRAdministradorTerceiro-1.0"
      },
      {
        "id": "Extension.value[x]",
        "path": "Extension.value[x]",
        "min": 1,
        "type": [
          {
            "code": "Reference",
            "targetProfile": [
              "http://www.saude.gov.br/fhir/r4/StructureDefinition/BRPessoaJuridicaProfissionalLiberal-1.0"
            ]
          }
        ]
      },
      {
        "id": "Extension.value[x].reference",
        "path": "Extension.value[x].reference",
        "min": 1
      },
      {
        "id": "Extension.value[x].type",
        "path": "Extension.value[x].type",
        "max": "0"
      },
      {
        "id": "Extension.value[x].identifier",
        "path": "Extension.value[x].identifier",
        "max": "0"
      },
      {
        "id": "Extension.value[x].display",
        "path": "Extension.value[x].display",
        "max": "0"
      }
    ]
  }
}