{
  "resourceType": "StructureDefinition",
  "meta": {
    "lastUpdated": "2020-03-26T13:02:05.548+00:00"
  },
  "language": "pt-BR",
  "url": "http://www.saude.gov.br/fhir/r4/StructureDefinition/BRAmostraBiologica-1.0",
  "version": "1.0",
  "name": "BRAmostraBiologica",
  "title": "Amostra Biológica",
  "status": "active",
  "date": "2020-03-26T13:02:02.6493634+00:00",
  "publisher": "Ministério da Saúde do Brasil",
  "description": "Amostra de origem humana/animal usada em investigações biológicas/laboratoriais para fins diagnósticos.",
  "fhirVersion": "4.0.0",
  "kind": "resource",
  "abstract": false,
  "type": "Specimen",
  "baseDefinition": "http://hl7.org/fhir/StructureDefinition/Specimen",
  "derivation": "constraint",
  "differential": {
    "element": [
      {
        "id": "Specimen",
        "path": "Specimen",
        "short": "Amostra Biológica",
        "definition": "Amostra de origem humana/animal usada em investigações biológicas/laboratoriais para fins diagnósticos.",
        "mustSupport": true
      },
      {
        "id": "Specimen.identifier",
        "extension": [
          {
            "url": "http://hl7.org/fhir/StructureDefinition/structuredefinition-standards-status",
            "valueCode": "normative"
          },
          {
            "url": "http://hl7.org/fhir/StructureDefinition/structuredefinition-normative-version",
            "valueCode": "4.0.0"
          }
        ],
        "path": "Specimen.identifier",
        "max": "0"
      },
      {
        "id": "Specimen.identifier.use",
        "extension": [
          {
            "url": "http://hl7.org/fhir/StructureDefinition/structuredefinition-standards-status",
            "valueCode": "normative"
          },
          {
            "url": "http://hl7.org/fhir/StructureDefinition/structuredefinition-normative-version",
            "valueCode": "4.0.0"
          }
        ],
        "path": "Specimen.identifier.use",
        "max": "0"
      },
      {
        "id": "Specimen.accessionIdentifier",
        "extension": [
          {
            "url": "http://hl7.org/fhir/StructureDefinition/structuredefinition-standards-status",
            "valueCode": "normative"
          },
          {
            "url": "http://hl7.org/fhir/StructureDefinition/structuredefinition-normative-version",
            "valueCode": "4.0.0"
          }
        ],
        "path": "Specimen.accessionIdentifier",
        "max": "0"
      },
      {
        "id": "Specimen.status",
        "extension": [
          {
            "url": "http://hl7.org/fhir/StructureDefinition/structuredefinition-standards-status",
            "valueCode": "normative"
          },
          {
            "url": "http://hl7.org/fhir/StructureDefinition/structuredefinition-normative-version",
            "valueCode": "4.0.0"
          }
        ],
        "path": "Specimen.status",
        "max": "0"
      },
      {
        "id": "Specimen.type",
        "extension": [
          {
            "url": "http://hl7.org/fhir/StructureDefinition/structuredefinition-standards-status",
            "valueCode": "normative"
          },
          {
            "url": "http://hl7.org/fhir/StructureDefinition/structuredefinition-normative-version",
            "valueCode": "4.0.0"
          }
        ],
        "path": "Specimen.type",
        "short": "Tipo da Amostra",
        "definition": "Tipo do material da amostra.",
        "min": 1,
        "mustSupport": true,
        "binding": {
          "strength": "required",
          "description": "Tipo da Amostra",
          "valueSet": "http://www.saude.gov.br/fhir/r4/ValueSet/BRTipoAmostra-1.0"
        }
      },
      {
        "id": "Specimen.type.coding",
        "extension": [
          {
            "url": "http://hl7.org/fhir/StructureDefinition/structuredefinition-standards-status",
            "valueCode": "normative"
          },
          {
            "url": "http://hl7.org/fhir/StructureDefinition/structuredefinition-normative-version",
            "valueCode": "4.0.0"
          }
        ],
        "path": "Specimen.type.coding",
        "min": 1,
        "max": "1"
      },
      {
        "id": "Specimen.type.coding.system",
        "extension": [
          {
            "url": "http://hl7.org/fhir/StructureDefinition/structuredefinition-standards-status",
            "valueCode": "normative"
          },
          {
            "url": "http://hl7.org/fhir/StructureDefinition/structuredefinition-normative-version",
            "valueCode": "4.0.0"
          }
        ],
        "path": "Specimen.type.coding.system",
        "min": 1
      },
      {
        "id": "Specimen.type.coding.code",
        "extension": [
          {
            "url": "http://hl7.org/fhir/StructureDefinition/structuredefinition-standards-status",
            "valueCode": "normative"
          },
          {
            "url": "http://hl7.org/fhir/StructureDefinition/structuredefinition-normative-version",
            "valueCode": "4.0.0"
          }
        ],
        "path": "Specimen.type.coding.code",
        "min": 1
      },
      {
        "id": "Specimen.type.coding.display",
        "extension": [
          {
            "url": "http://hl7.org/fhir/StructureDefinition/structuredefinition-standards-status",
            "valueCode": "normative"
          },
          {
            "url": "http://hl7.org/fhir/StructureDefinition/structuredefinition-normative-version",
            "valueCode": "4.0.0"
          },
          {
            "url": "http://hl7.org/fhir/StructureDefinition/elementdefinition-translatable",
            "valueBoolean": true
          }
        ],
        "path": "Specimen.type.coding.display",
        "max": "0"
      },
      {
        "id": "Specimen.type.coding.userSelected",
        "extension": [
          {
            "url": "http://hl7.org/fhir/StructureDefinition/structuredefinition-standards-status",
            "valueCode": "normative"
          },
          {
            "url": "http://hl7.org/fhir/StructureDefinition/structuredefinition-normative-version",
            "valueCode": "4.0.0"
          }
        ],
        "path": "Specimen.type.coding.userSelected",
        "max": "0"
      },
      {
        "id": "Specimen.type.text",
        "extension": [
          {
            "url": "http://hl7.org/fhir/StructureDefinition/structuredefinition-standards-status",
            "valueCode": "normative"
          },
          {
            "url": "http://hl7.org/fhir/StructureDefinition/structuredefinition-normative-version",
            "valueCode": "4.0.0"
          },
          {
            "url": "http://hl7.org/fhir/StructureDefinition/elementdefinition-translatable",
            "valueBoolean": true
          }
        ],
        "path": "Specimen.type.text",
        "max": "0"
      },
      {
        "id": "Specimen.subject",
        "extension": [
          {
            "url": "http://hl7.org/fhir/StructureDefinition/structuredefinition-standards-status",
            "valueCode": "normative"
          },
          {
            "url": "http://hl7.org/fhir/StructureDefinition/structuredefinition-normative-version",
            "valueCode": "4.0.0"
          }
        ],
        "path": "Specimen.subject",
        "max": "0"
      },
      {
        "id": "Specimen.receivedTime",
        "extension": [
          {
            "url": "http://hl7.org/fhir/StructureDefinition/structuredefinition-standards-status",
            "valueCode": "normative"
          },
          {
            "url": "http://hl7.org/fhir/StructureDefinition/structuredefinition-normative-version",
            "valueCode": "4.0.0"
          }
        ],
        "path": "Specimen.receivedTime",
        "max": "0"
      },
      {
        "id": "Specimen.parent",
        "extension": [
          {
            "url": "http://hl7.org/fhir/StructureDefinition/structuredefinition-standards-status",
            "valueCode": "normative"
          },
          {
            "url": "http://hl7.org/fhir/StructureDefinition/structuredefinition-normative-version",
            "valueCode": "4.0.0"
          }
        ],
        "path": "Specimen.parent",
        "max": "0"
      },
      {
        "id": "Specimen.request",
        "extension": [
          {
            "url": "http://hl7.org/fhir/StructureDefinition/structuredefinition-standards-status",
            "valueCode": "normative"
          },
          {
            "url": "http://hl7.org/fhir/StructureDefinition/structuredefinition-normative-version",
            "valueCode": "4.0.0"
          }
        ],
        "path": "Specimen.request",
        "max": "0"
      },
      {
        "id": "Specimen.collection",
        "extension": [
          {
            "url": "http://hl7.org/fhir/StructureDefinition/structuredefinition-standards-status",
            "valueCode": "normative"
          },
          {
            "url": "http://hl7.org/fhir/StructureDefinition/structuredefinition-normative-version",
            "valueCode": "4.0.0"
          }
        ],
        "path": "Specimen.collection",
        "max": "0"
      },
      {
        "id": "Specimen.processing",
        "extension": [
          {
            "url": "http://hl7.org/fhir/StructureDefinition/structuredefinition-standards-status",
            "valueCode": "normative"
          },
          {
            "url": "http://hl7.org/fhir/StructureDefinition/structuredefinition-normative-version",
            "valueCode": "4.0.0"
          }
        ],
        "path": "Specimen.processing",
        "max": "0"
      },
      {
        "id": "Specimen.container",
        "extension": [
          {
            "url": "http://hl7.org/fhir/StructureDefinition/structuredefinition-standards-status",
            "valueCode": "normative"
          },
          {
            "url": "http://hl7.org/fhir/StructureDefinition/structuredefinition-normative-version",
            "valueCode": "4.0.0"
          }
        ],
        "path": "Specimen.container",
        "max": "0"
      },
      {
        "id": "Specimen.condition",
        "extension": [
          {
            "url": "http://hl7.org/fhir/StructureDefinition/structuredefinition-standards-status",
            "valueCode": "normative"
          },
          {
            "url": "http://hl7.org/fhir/StructureDefinition/structuredefinition-normative-version",
            "valueCode": "4.0.0"
          }
        ],
        "path": "Specimen.condition",
        "max": "0"
      },
      {
        "id": "Specimen.note",
        "extension": [
          {
            "url": "http://hl7.org/fhir/StructureDefinition/structuredefinition-standards-status",
            "valueCode": "normative"
          },
          {
            "url": "http://hl7.org/fhir/StructureDefinition/structuredefinition-normative-version",
            "valueCode": "4.0.0"
          }
        ],
        "path": "Specimen.note",
        "max": "0"
      }
    ]
  }
}