{
  "resourceType": "StructureDefinition",
  "meta": {
    "lastUpdated": "2020-03-13T20:25:59.559+00:00"
  },
  "language": "pt-BR",
  "url": "http://www.saude.gov.br/fhir/r4/StructureDefinition/BRAtendeSUS-1.0",
  "version": "1.0",
  "name": "BRAtendeSUS",
  "title": "Atende SUS?",
  "status": "active",
  "date": "2020-03-13T20:26:23.0414137+00:00",
  "publisher": "Ministério da Saúde do Brasil",
  "description": "Extensão utilizada para identificar se um profissional ou Estabelecimento de Saúde oferece atendimento pelo Sistema Único de Saúde (SUS).",
  "fhirVersion": "4.0.0",
  "kind": "complex-type",
  "abstract": false,
  "context": [
    {
      "type": "element",
      "expression": "PractitionerRole"
    },
    {
      "type": "element",
      "expression": "Organization"
    }
  ],
  "type": "Extension",
  "baseDefinition": "http://hl7.org/fhir/StructureDefinition/Extension",
  "derivation": "constraint",
  "differential": {
    "element": [
      {
        "id": "Extension",
        "path": "Extension",
        "short": "Atende SUS?",
        "definition": "Identifica se um profissional ou Estabelecimento de Saúde oferece atendimento pelo Sistema Único de Saúde (SUS)."
      },
      {
        "id": "Extension.url",
        "path": "Extension.url",
        "fixedUri": "http://www.saude.gov.br/fhir/r4/StructureDefinition/BRAtendeSUS-1.0"
      },
      {
        "id": "Extension.value[x]",
        "path": "Extension.value[x]",
        "min": 1,
        "type": [
          {
            "code": "boolean"
          }
        ]
      }
    ]
  }
}