{
  "resourceType": "ValueSet",
  "meta": {
    "lastUpdated": "2020-03-26T13:20:05.669+00:00"
  },
  "language": "pt-BR",
  "url": "http://www.saude.gov.br/fhir/r4/ValueSet/BRCategoriaExame-1.0",
  "version": "1.0",
  "name": "Categoria do Exame",
  "status": "active",
  "experimental": false,
  "date": "2020-03-26T13:20:04.5290649+00:00",
  "publisher": "Ministério da Saúde do Brasil",
  "description": "Categoriza exames ou testes utilizando os subgrupos do grupo 02 - Procedimentos com finalidade diagnóstica da Tabela SUS.",
  "immutable": false,
  "compose": {
    "include": [
      {
        "system": "http://www.saude.gov.br/fhir/r4/CodeSystem/BRSubgrupoTabelaSUS",
        "version": "*"
      }
    ]
  }
}