{
  "resourceType": "StructureDefinition",
  "url": "http://www.saude.gov.br/fhir/r4/StructureDefinition/BRCodigoSerialMedicamento",
  "name": "BRCodigoSerialMedicamento",
  "title": "Código Serial de Medicamento",
  "status": "draft",
  "fhirVersion": "4.0.1",
  "kind": "complex-type",
  "abstract": false,
  "context": [
    {
      "type": "element",
      "expression": "Medication"
    }
  ],
  "type": "Extension",
  "baseDefinition": "http://hl7.org/fhir/StructureDefinition/Extension",
  "derivation": "constraint",
  "differential": {
    "element": [
      {
        "id": "Extension.id",
        "path": "Extension.id",
        "max": "0"
      },
      {
        "id": "Extension.url",
        "path": "Extension.url",
        "fixedUri": "http://www.saude.gov.br/fhir/r4/StructureDefinition/BRCodigoSerialMedicamento"
      },
      {
        "id": "Extension.value[x]",
        "path": "Extension.value[x]",
        "short": "Código serial da unidade de medicamento",
        "min": 1,
        "type": [
          {
            "code": "string"
          }
        ]
      }
    ]
  }
}