{
  "resourceType": "StructureDefinition",
  "language": "pt-BR",
  "url": "http://www.saude.gov.br/fhir/r4/StructureDefinition/BRCondicaoMaternal",
  "version": "1.0",
  "name": "BRCondicaoMaternal",
  "title": "CondicaoMaternal",
  "status": "active",
  "date": "2021-09-17",
  "publisher": "Ministério da Saúde do Brasil",
  "description": "Indicação da condição maternal da pessoa vacinada (Nenhuma, Gestante, Puérpera). O campo é de preenchimento obrigatório para indivíduos em idade fértil, independente do sexo.",
  "fhirVersion": "4.0.1",
  "kind": "complex-type",
  "abstract": false,
  "context": [
    {
      "type": "element",
      "expression": "Immunization.protocolApplied"
    }
  ],
  "type": "Extension",
  "baseDefinition": "http://hl7.org/fhir/StructureDefinition/Extension",
  "derivation": "constraint",
  "differential": {
    "element": [
      {
        "id": "Extension",
        "path": "Extension",
        "short": "Condição maternal",
        "definition": "Indicação da condição maternal da pessoa vacinada (Nenhuma, Gestante, Puérpera). O campo é de preenchimento obrigatório para indivíduos em idade fértil, independente do sexo.",
        "max": "1"
      },
      {
        "id": "Extension.url",
        "path": "Extension.url",
        "fixedUri": "http://www.saude.gov.br/fhir/r4/StructureDefinition/BRCondicaoMaternal"
      },
      {
        "id": "Extension.value[x]",
        "path": "Extension.value[x]",
        "min": 1,
        "type": [
          {
            "code": "CodeableConcept"
          }
        ],
        "mustSupport": true,
        "binding": {
          "strength": "required",
          "description": "Condição maternal",
          "valueSet": "http://www.saude.gov.br/fhir/r4/ValueSet/BRCondicaoMaternal-1.0"
        }
      },
      {
        "id": "Extension.value[x].coding",
        "path": "Extension.value[x].coding",
        "min": 1,
        "max": "1"
      },
      {
        "id": "Extension.value[x].coding.system",
        "path": "Extension.value[x].coding.system",
        "min": 1
      },
      {
        "id": "Extension.value[x].coding.code",
        "path": "Extension.value[x].coding.code",
        "min": 1
      },
      {
        "id": "Extension.value[x].coding.display",
        "path": "Extension.value[x].coding.display",
        "max": "0"
      },
      {
        "id": "Extension.value[x].coding.userSelected",
        "path": "Extension.value[x].coding.userSelected",
        "max": "0"
      },
      {
        "id": "Extension.value[x].text",
        "path": "Extension.value[x].text",
        "max": "0"
      }
    ]
  }
}