{
  "resourceType": "StructureDefinition",
  "url": "http://www.saude.gov.br/fhir/r4/StructureDefinition/BRDispensacaoMedicamento",
  "version": "01.00",
  "name": "BRDispensacaoMedicamento",
  "title": "Dispensação de Medicamento",
  "status": "draft",
  "description": "Dispensação do Medicamento prescrito.",
  "fhirVersion": "4.0.1",
  "kind": "resource",
  "abstract": false,
  "type": "MedicationDispense",
  "baseDefinition": "http://hl7.org/fhir/StructureDefinition/MedicationDispense",
  "derivation": "constraint",
  "differential": {
    "element": [
      {
        "id": "MedicationDispense.implicitRules",
        "path": "MedicationDispense.implicitRules",
        "max": "0"
      },
      {
        "id": "MedicationDispense.language",
        "path": "MedicationDispense.language",
        "max": "0"
      },
      {
        "id": "MedicationDispense.text",
        "path": "MedicationDispense.text",
        "max": "0"
      },
      {
        "id": "MedicationDispense.contained",
        "path": "MedicationDispense.contained",
        "max": "0"
      },
      {
        "id": "MedicationDispense.extension",
        "path": "MedicationDispense.extension",
        "slicing": {
          "discriminator": [
            {
              "type": "value",
              "path": "url"
            }
          ],
          "rules": "open"
        },
        "min": 1
      },
      {
        "id": "MedicationDispense.extension:medicationRequestDate",
        "path": "MedicationDispense.extension",
        "sliceName": "medicationRequestDate",
        "min": 1,
        "max": "1",
        "type": [
          {
            "code": "Extension",
            "profile": [
              "http://www.saude.gov.br/fhir/r4/StructureDefinition/BRDataPrescricao"
            ]
          }
        ]
      },
      {
        "id": "MedicationDispense.extension:medicationMonetaryValue",
        "path": "MedicationDispense.extension",
        "sliceName": "medicationMonetaryValue",
        "min": 0,
        "max": "1",
        "type": [
          {
            "code": "Extension",
            "profile": [
              "http://www.saude.gov.br/fhir/r4/StructureDefinition/BRValorMedicamento"
            ]
          }
        ]
      },
      {
        "id": "MedicationDispense.identifier",
        "path": "MedicationDispense.identifier",
        "max": "0"
      },
      {
        "id": "MedicationDispense.partOf",
        "path": "MedicationDispense.partOf",
        "max": "0"
      },
      {
        "id": "MedicationDispense.statusReason[x]",
        "path": "MedicationDispense.statusReason[x]",
        "max": "0"
      },
      {
        "id": "MedicationDispense.category",
        "path": "MedicationDispense.category",
        "short": "Modalidade da Dispensação",
        "definition": "Representa em qual modalidade de estabelecimento ou financiamento a dispensação está sendo realizada: Unidade de saúde pública ou privada, com pagamento pelo SUS ou Drogaria comercial, com pagamento (gratuidade de copagamento) pelo Programa Farmácia Popular do Brasil.",
        "min": 1,
        "binding": {
          "strength": "required",
          "description": "Modalidade Financeira",
          "valueSet": "http://www.saude.gov.br/fhir/r4/ValueSet/BRModalidadeFinanceira"
        }
      },
      {
        "id": "MedicationDispense.medication[x]",
        "path": "MedicationDispense.medication[x]",
        "short": "Medicamento dispensado",
        "definition": "Identificação do medicamento dispensado.",
        "type": [
          {
            "code": "Reference",
            "targetProfile": [
              "http://www.saude.gov.br/fhir/r4/StructureDefinition/BRMedicamento"
            ]
          }
        ]
      },
      {
        "id": "MedicationDispense.subject",
        "path": "MedicationDispense.subject",
        "short": "Identificação do indivíduo",
        "definition": "Identificação do indivíduo dispensado do medicamento.",
        "min": 1
      },
      {
        "id": "MedicationDispense.subject.display",
        "path": "MedicationDispense.subject.display",
        "max": "0"
      },
      {
        "id": "MedicationDispense.context",
        "path": "MedicationDispense.context",
        "max": "0"
      },
      {
        "id": "MedicationDispense.supportingInformation",
        "path": "MedicationDispense.supportingInformation",
        "max": "0"
      },
      {
        "id": "MedicationDispense.performer",
        "path": "MedicationDispense.performer",
        "short": "Estabelecimento de Saúde e Profissional",
        "definition": "Identificação do Estabelecimento de Saúde e Profissional dispensador.",
        "min": 1
      },
      {
        "id": "MedicationDispense.performer.id",
        "path": "MedicationDispense.performer.id",
        "max": "0"
      },
      {
        "id": "MedicationDispense.performer.function",
        "path": "MedicationDispense.performer.function",
        "max": "0"
      },
      {
        "id": "MedicationDispense.performer.actor.id",
        "path": "MedicationDispense.performer.actor.id",
        "max": "0"
      },
      {
        "id": "MedicationDispense.performer.actor.reference",
        "path": "MedicationDispense.performer.actor.reference",
        "max": "0"
      },
      {
        "id": "MedicationDispense.performer.actor.type",
        "path": "MedicationDispense.performer.actor.type",
        "max": "0"
      },
      {
        "id": "MedicationDispense.performer.actor.identifier.id",
        "path": "MedicationDispense.performer.actor.identifier.id",
        "max": "0"
      },
      {
        "id": "MedicationDispense.performer.actor.identifier.use",
        "path": "MedicationDispense.performer.actor.identifier.use",
        "max": "0"
      },
      {
        "id": "MedicationDispense.performer.actor.identifier.type",
        "path": "MedicationDispense.performer.actor.identifier.type",
        "max": "0"
      },
      {
        "id": "MedicationDispense.performer.actor.identifier.period",
        "path": "MedicationDispense.performer.actor.identifier.period",
        "max": "0"
      },
      {
        "id": "MedicationDispense.performer.actor.identifier.assigner",
        "path": "MedicationDispense.performer.actor.identifier.assigner",
        "max": "0"
      },
      {
        "id": "MedicationDispense.location",
        "path": "MedicationDispense.location",
        "max": "0"
      },
      {
        "id": "MedicationDispense.authorizingPrescription",
        "path": "MedicationDispense.authorizingPrescription",
        "short": "Identificação do registro de prescrição eletrônica",
        "definition": "Referência às informações do registro de prescrição do medicamento.",
        "max": "1"
      },
      {
        "id": "MedicationDispense.authorizingPrescription.id",
        "path": "MedicationDispense.authorizingPrescription.id",
        "max": "0"
      },
      {
        "id": "MedicationDispense.authorizingPrescription.type",
        "path": "MedicationDispense.authorizingPrescription.type",
        "max": "0"
      },
      {
        "id": "MedicationDispense.type",
        "path": "MedicationDispense.type",
        "max": "0"
      },
      {
        "id": "MedicationDispense.quantity",
        "path": "MedicationDispense.quantity",
        "short": "Quantidade dispensada no atendimento",
        "definition": "Quantidade do produto dispensado (unidade).",
        "min": 1
      },
      {
        "id": "MedicationDispense.quantity.id",
        "path": "MedicationDispense.quantity.id",
        "max": "0"
      },
      {
        "id": "MedicationDispense.daysSupply",
        "path": "MedicationDispense.daysSupply",
        "short": "Quantidade de dias de fornecimento",
        "definition": "Quantidade de dias de fornecimento de produto dispensado."
      },
      {
        "id": "MedicationDispense.whenPrepared",
        "path": "MedicationDispense.whenPrepared",
        "max": "0"
      },
      {
        "id": "MedicationDispense.whenHandedOver",
        "path": "MedicationDispense.whenHandedOver",
        "short": "Data e hora da dispensação",
        "definition": "Indica a data e hora da dispensação do medicamento.",
        "min": 1
      },
      {
        "id": "MedicationDispense.destination",
        "path": "MedicationDispense.destination",
        "max": "0"
      },
      {
        "id": "MedicationDispense.receiver",
        "path": "MedicationDispense.receiver",
        "short": "Quem retirou o medicamento",
        "definition": "Identificação de quem retirou o medicamento.",
        "max": "1"
      },
      {
        "id": "MedicationDispense.note",
        "path": "MedicationDispense.note",
        "short": "Orientação de uso do produto",
        "definition": "Descreve orientações do uso do produto.",
        "max": "1"
      },
      {
        "id": "MedicationDispense.dosageInstruction",
        "path": "MedicationDispense.dosageInstruction",
        "max": "0"
      },
      {
        "id": "MedicationDispense.substitution",
        "path": "MedicationDispense.substitution",
        "max": "0"
      },
      {
        "id": "MedicationDispense.detectedIssue",
        "path": "MedicationDispense.detectedIssue",
        "max": "0"
      },
      {
        "id": "MedicationDispense.eventHistory",
        "path": "MedicationDispense.eventHistory",
        "max": "0"
      }
    ]
  }
}