{
  "resourceType": "StructureDefinition",
  "meta": {
    "lastUpdated": "2020-03-30T18:35:39.659+00:00"
  },
  "language": "pt-BR",
  "url": "http://www.saude.gov.br/fhir/r4/StructureDefinition/BRDiagnosticoCOVID19-TesteRapido-01.01",
  "version": "01.01",
  "name": "BRDiagnosticoCOVID19TesteRapido",
  "title": "Diagnóstico em Laboratório Clínico para COVID-19 - Teste Rápido",
  "status": "active",
  "description": "Diagnóstico em Laboratório Clínico para os testes rápidos de COVID-19. Baseado no BRDiagnosticoLaboratorioClinico2.",
  "fhirVersion": "4.0.1",
  "kind": "resource",
  "abstract": false,
  "type": "Observation",
  "baseDefinition": "http://hl7.org/fhir/StructureDefinition/Observation",
  "derivation": "constraint",
  "differential": {
    "element": [
      {
        "id": "Observation",
        "path": "Observation",
        "definition": "Exame ou teste realizado em laboratório com finalidade diagnóstica ou investigativa.",
        "mustSupport": true
      },
      {
        "id": "Observation.identifier",
        "path": "Observation.identifier",
        "max": "0"
      },
      {
        "id": "Observation.basedOn",
        "path": "Observation.basedOn",
        "max": "0"
      },
      {
        "id": "Observation.partOf",
        "path": "Observation.partOf",
        "max": "0"
      },
      {
        "id": "Observation.status",
        "extension": [
          {
            "url": "http://hl7.org/fhir/StructureDefinition/structuredefinition-standards-status",
            "valueCode": "normative"
          },
          {
            "url": "http://hl7.org/fhir/StructureDefinition/structuredefinition-normative-version",
            "valueCode": "4.0.0"
          }
        ],
        "path": "Observation.status",
        "short": "Estado da Observação",
        "definition": "O estado do valor do resultado.",
        "binding": {
          "strength": "required",
          "description": "Estado da Observação",
          "valueSet": "http://www.saude.gov.br/fhir/r4/ValueSet/BREstadoObservacao-1.0"
        }
      },
      {
        "id": "Observation.category",
        "path": "Observation.category",
        "short": "Categoria do Exame",
        "definition": "Categoriza o exame ou teste utilizando os subgrupos do grupo 02 - Procedimentos com finalidade diagnóstica da Tabela SUS.",
        "max": "0",
        "mustSupport": true
      },
      {
        "id": "Observation.category.coding",
        "path": "Observation.category.coding",
        "min": 1,
        "max": "1"
      },
      {
        "id": "Observation.category.coding.system",
        "extension": [
          {
            "url": "http://hl7.org/fhir/StructureDefinition/structuredefinition-standards-status",
            "valueCode": "normative"
          },
          {
            "url": "http://hl7.org/fhir/StructureDefinition/structuredefinition-normative-version",
            "valueCode": "4.0.0"
          }
        ],
        "path": "Observation.category.coding.system",
        "min": 1
      },
      {
        "id": "Observation.category.coding.code",
        "extension": [
          {
            "url": "http://hl7.org/fhir/StructureDefinition/structuredefinition-standards-status",
            "valueCode": "normative"
          },
          {
            "url": "http://hl7.org/fhir/StructureDefinition/structuredefinition-normative-version",
            "valueCode": "4.0.0"
          }
        ],
        "path": "Observation.category.coding.code",
        "min": 1
      },
      {
        "id": "Observation.category.coding.display",
        "extension": [
          {
            "url": "http://hl7.org/fhir/StructureDefinition/structuredefinition-standards-status",
            "valueCode": "normative"
          },
          {
            "url": "http://hl7.org/fhir/StructureDefinition/structuredefinition-normative-version",
            "valueCode": "4.0.0"
          }
        ],
        "path": "Observation.category.coding.display",
        "max": "0"
      },
      {
        "id": "Observation.category.coding.userSelected",
        "extension": [
          {
            "url": "http://hl7.org/fhir/StructureDefinition/structuredefinition-standards-status",
            "valueCode": "normative"
          },
          {
            "url": "http://hl7.org/fhir/StructureDefinition/structuredefinition-normative-version",
            "valueCode": "4.0.0"
          }
        ],
        "path": "Observation.category.coding.userSelected",
        "max": "0"
      },
      {
        "id": "Observation.category.text",
        "extension": [
          {
            "url": "http://hl7.org/fhir/StructureDefinition/structuredefinition-standards-status",
            "valueCode": "normative"
          },
          {
            "url": "http://hl7.org/fhir/StructureDefinition/structuredefinition-normative-version",
            "valueCode": "4.0.0"
          }
        ],
        "path": "Observation.category.text",
        "max": "0"
      },
      {
        "id": "Observation.code",
        "path": "Observation.code",
        "short": "Nome do Exame",
        "definition": "Classifica o exame laboratorial de COVID-19 realizado.",
        "mustSupport": true,
        "binding": {
          "strength": "required",
          "description": "Nome do Exame",
          "valueSet": "http://www.saude.gov.br/fhir/r4/ValueSet/BRNomeExameTRCOVID19LOINC-1.0"
        }
      },
      {
        "id": "Observation.code.coding",
        "path": "Observation.code.coding",
        "min": 1,
        "max": "1"
      },
      {
        "id": "Observation.code.coding.system",
        "extension": [
          {
            "url": "http://hl7.org/fhir/StructureDefinition/structuredefinition-standards-status",
            "valueCode": "normative"
          },
          {
            "url": "http://hl7.org/fhir/StructureDefinition/structuredefinition-normative-version",
            "valueCode": "4.0.0"
          }
        ],
        "path": "Observation.code.coding.system",
        "min": 1
      },
      {
        "id": "Observation.code.coding.code",
        "extension": [
          {
            "url": "http://hl7.org/fhir/StructureDefinition/structuredefinition-standards-status",
            "valueCode": "normative"
          },
          {
            "url": "http://hl7.org/fhir/StructureDefinition/structuredefinition-normative-version",
            "valueCode": "4.0.0"
          }
        ],
        "path": "Observation.code.coding.code",
        "min": 1
      },
      {
        "id": "Observation.code.coding.display",
        "extension": [
          {
            "url": "http://hl7.org/fhir/StructureDefinition/structuredefinition-standards-status",
            "valueCode": "normative"
          },
          {
            "url": "http://hl7.org/fhir/StructureDefinition/structuredefinition-normative-version",
            "valueCode": "4.0.0"
          }
        ],
        "path": "Observation.code.coding.display",
        "max": "0"
      },
      {
        "id": "Observation.code.coding.userSelected",
        "extension": [
          {
            "url": "http://hl7.org/fhir/StructureDefinition/structuredefinition-standards-status",
            "valueCode": "normative"
          },
          {
            "url": "http://hl7.org/fhir/StructureDefinition/structuredefinition-normative-version",
            "valueCode": "4.0.0"
          }
        ],
        "path": "Observation.code.coding.userSelected",
        "max": "0"
      },
      {
        "id": "Observation.code.text",
        "extension": [
          {
            "url": "http://hl7.org/fhir/StructureDefinition/structuredefinition-standards-status",
            "valueCode": "normative"
          },
          {
            "url": "http://hl7.org/fhir/StructureDefinition/structuredefinition-normative-version",
            "valueCode": "4.0.0"
          }
        ],
        "path": "Observation.code.text",
        "max": "0"
      },
      {
        "id": "Observation.subject",
        "path": "Observation.subject",
        "short": "Identificador Nacional do Indivíduo",
        "definition": "Identificação unívoca dos usuários das ações e serviços de saúde, mdediante número único válido em todo o território nacional, sendo: Cartão Nacional de Saúde (CNS) válido.",
        "min": 1,
        "type": [
          {
            "code": "Reference",
            "targetProfile": [
              "http://www.saude.gov.br/fhir/r4/StructureDefinition/BRIndividuo-1.0"
            ]
          }
        ],
        "mustSupport": true
      },
      {
        "id": "Observation.subject.reference",
        "extension": [
          {
            "url": "http://hl7.org/fhir/StructureDefinition/structuredefinition-standards-status",
            "valueCode": "normative"
          },
          {
            "url": "http://hl7.org/fhir/StructureDefinition/structuredefinition-normative-version",
            "valueCode": "4.0.0"
          }
        ],
        "path": "Observation.subject.reference",
        "max": "0"
      },
      {
        "id": "Observation.subject.type",
        "extension": [
          {
            "url": "http://hl7.org/fhir/StructureDefinition/structuredefinition-standards-status",
            "valueCode": "normative"
          },
          {
            "url": "http://hl7.org/fhir/StructureDefinition/structuredefinition-normative-version",
            "valueCode": "4.0.0"
          }
        ],
        "path": "Observation.subject.type",
        "max": "0",
        "fixedUri": "Patient"
      },
      {
        "id": "Observation.subject.identifier",
        "path": "Observation.subject.identifier",
        "min": 1
      },
      {
        "id": "Observation.subject.identifier.use",
        "extension": [
          {
            "url": "http://hl7.org/fhir/StructureDefinition/structuredefinition-standards-status",
            "valueCode": "normative"
          },
          {
            "url": "http://hl7.org/fhir/StructureDefinition/structuredefinition-normative-version",
            "valueCode": "4.0.0"
          }
        ],
        "path": "Observation.subject.identifier.use",
        "max": "0"
      },
      {
        "id": "Observation.subject.identifier.type",
        "path": "Observation.subject.identifier.type",
        "max": "0"
      },
      {
        "id": "Observation.subject.identifier.system",
        "extension": [
          {
            "url": "http://hl7.org/fhir/StructureDefinition/structuredefinition-standards-status",
            "valueCode": "normative"
          },
          {
            "url": "http://hl7.org/fhir/StructureDefinition/structuredefinition-normative-version",
            "valueCode": "4.0.0"
          }
        ],
        "path": "Observation.subject.identifier.system",
        "min": 1,
        "fixedUri": "http://www.saude.gov.br/fhir/r4/StructureDefinition/BRIndividuo-1.0"
      },
      {
        "id": "Observation.subject.identifier.value",
        "extension": [
          {
            "url": "http://hl7.org/fhir/StructureDefinition/structuredefinition-standards-status",
            "valueCode": "normative"
          },
          {
            "url": "http://hl7.org/fhir/StructureDefinition/structuredefinition-normative-version",
            "valueCode": "4.0.0"
          }
        ],
        "path": "Observation.subject.identifier.value",
        "min": 1
      },
      {
        "id": "Observation.subject.identifier.period",
        "path": "Observation.subject.identifier.period",
        "max": "0"
      },
      {
        "id": "Observation.subject.identifier.assigner",
        "path": "Observation.subject.identifier.assigner",
        "max": "0"
      },
      {
        "id": "Observation.subject.display",
        "extension": [
          {
            "url": "http://hl7.org/fhir/StructureDefinition/structuredefinition-standards-status",
            "valueCode": "normative"
          },
          {
            "url": "http://hl7.org/fhir/StructureDefinition/structuredefinition-normative-version",
            "valueCode": "4.0.0"
          }
        ],
        "path": "Observation.subject.display",
        "max": "0"
      },
      {
        "id": "Observation.focus",
        "path": "Observation.focus",
        "max": "0"
      },
      {
        "id": "Observation.encounter",
        "path": "Observation.encounter",
        "max": "0"
      },
      {
        "id": "Observation.effective[x]",
        "extension": [
          {
            "url": "http://hl7.org/fhir/StructureDefinition/structuredefinition-standards-status",
            "valueCode": "normative"
          },
          {
            "url": "http://hl7.org/fhir/StructureDefinition/structuredefinition-normative-version",
            "valueCode": "4.0.0"
          }
        ],
        "path": "Observation.effective[x]",
        "short": "Data/hora da coleta da amostra",
        "definition": "A data / hora da coleta da amostra para a realização do exame.",
        "min": 1,
        "type": [
          {
            "code": "dateTime"
          }
        ]
      },
      {
        "id": "Observation.issued",
        "extension": [
          {
            "url": "http://hl7.org/fhir/StructureDefinition/structuredefinition-standards-status",
            "valueCode": "normative"
          },
          {
            "url": "http://hl7.org/fhir/StructureDefinition/structuredefinition-normative-version",
            "valueCode": "4.0.0"
          }
        ],
        "path": "Observation.issued",
        "short": "Data/Hora do Resultado",
        "definition": "Data ou data e hora que o resultado foi liberado.",
        "max": "0"
      },
      {
        "id": "Observation.performer",
        "path": "Observation.performer",
        "slicing": {
          "discriminator": [
            {
              "type": "value",
              "path": "identifier.system"
            }
          ],
          "rules": "open"
        },
        "short": "Responsável pelo Resultado do Exame",
        "definition": "Profissional e/ou Estabelecimento de Saúde responsável pela realização do exame.",
        "min": 1,
        "max": "1",
        "type": [
          {
            "code": "Reference",
            "targetProfile": [
              "http://hl7.org/fhir/StructureDefinition/Organization"
            ]
          }
        ],
        "mustSupport": true
      },
      {
        "id": "Observation.performer:estabelecimentoSaude",
        "path": "Observation.performer",
        "sliceName": "estabelecimentoSaude",
        "max": "1",
        "type": [
          {
            "code": "Reference",
            "targetProfile": [
              "http://www.saude.gov.br/fhir/r4/StructureDefinition/BREstabelecimentoSaude-1.0"
            ]
          }
        ],
        "mustSupport": true
      },
      {
        "id": "Observation.performer:estabelecimentoSaude.reference",
        "extension": [
          {
            "url": "http://hl7.org/fhir/StructureDefinition/structuredefinition-standards-status",
            "valueCode": "normative"
          },
          {
            "url": "http://hl7.org/fhir/StructureDefinition/structuredefinition-normative-version",
            "valueCode": "4.0.0"
          }
        ],
        "path": "Observation.performer.reference",
        "max": "0"
      },
      {
        "id": "Observation.performer:estabelecimentoSaude.type",
        "extension": [
          {
            "url": "http://hl7.org/fhir/StructureDefinition/structuredefinition-standards-status",
            "valueCode": "normative"
          },
          {
            "url": "http://hl7.org/fhir/StructureDefinition/structuredefinition-normative-version",
            "valueCode": "4.0.0"
          }
        ],
        "path": "Observation.performer.type",
        "max": "0"
      },
      {
        "id": "Observation.performer:estabelecimentoSaude.identifier",
        "path": "Observation.performer.identifier",
        "min": 1
      },
      {
        "id": "Observation.performer:estabelecimentoSaude.identifier.use",
        "extension": [
          {
            "url": "http://hl7.org/fhir/StructureDefinition/structuredefinition-standards-status",
            "valueCode": "normative"
          },
          {
            "url": "http://hl7.org/fhir/StructureDefinition/structuredefinition-normative-version",
            "valueCode": "4.0.0"
          }
        ],
        "path": "Observation.performer.identifier.use",
        "max": "0"
      },
      {
        "id": "Observation.performer:estabelecimentoSaude.identifier.type",
        "path": "Observation.performer.identifier.type",
        "max": "0"
      },
      {
        "id": "Observation.performer:estabelecimentoSaude.identifier.system",
        "extension": [
          {
            "url": "http://hl7.org/fhir/StructureDefinition/structuredefinition-standards-status",
            "valueCode": "normative"
          },
          {
            "url": "http://hl7.org/fhir/StructureDefinition/structuredefinition-normative-version",
            "valueCode": "4.0.0"
          }
        ],
        "path": "Observation.performer.identifier.system",
        "min": 1,
        "fixedUri": "http://www.saude.gov.br/fhir/r4/StructureDefinition/BREstabelecimentoSaude-1.0"
      },
      {
        "id": "Observation.performer:estabelecimentoSaude.identifier.value",
        "extension": [
          {
            "url": "http://hl7.org/fhir/StructureDefinition/structuredefinition-standards-status",
            "valueCode": "normative"
          },
          {
            "url": "http://hl7.org/fhir/StructureDefinition/structuredefinition-normative-version",
            "valueCode": "4.0.0"
          }
        ],
        "path": "Observation.performer.identifier.value",
        "min": 1
      },
      {
        "id": "Observation.performer:estabelecimentoSaude.identifier.period",
        "path": "Observation.performer.identifier.period",
        "max": "0"
      },
      {
        "id": "Observation.performer:estabelecimentoSaude.identifier.assigner",
        "path": "Observation.performer.identifier.assigner",
        "max": "0"
      },
      {
        "id": "Observation.performer:estabelecimentoSaude.display",
        "extension": [
          {
            "url": "http://hl7.org/fhir/StructureDefinition/structuredefinition-standards-status",
            "valueCode": "normative"
          },
          {
            "url": "http://hl7.org/fhir/StructureDefinition/structuredefinition-normative-version",
            "valueCode": "4.0.0"
          }
        ],
        "path": "Observation.performer.display",
        "max": "0"
      },
      {
        "id": "Observation.performer:pessoaJuridicaProfissionalLiberal",
        "path": "Observation.performer",
        "sliceName": "pessoaJuridicaProfissionalLiberal",
        "max": "1",
        "type": [
          {
            "code": "Reference",
            "targetProfile": [
              "http://www.saude.gov.br/fhir/r4/StructureDefinition/BRPessoaJuridicaProfissionalLiberal-1.0"
            ]
          }
        ]
      },
      {
        "id": "Observation.performer:pessoaJuridicaProfissionalLiberal.reference",
        "path": "Observation.performer.reference",
        "max": "0"
      },
      {
        "id": "Observation.performer:pessoaJuridicaProfissionalLiberal.type",
        "path": "Observation.performer.type",
        "max": "0"
      },
      {
        "id": "Observation.performer:pessoaJuridicaProfissionalLiberal.identifier",
        "path": "Observation.performer.identifier",
        "min": 1
      },
      {
        "id": "Observation.performer:pessoaJuridicaProfissionalLiberal.identifier.use",
        "path": "Observation.performer.identifier.use",
        "max": "0"
      },
      {
        "id": "Observation.performer:pessoaJuridicaProfissionalLiberal.identifier.type",
        "path": "Observation.performer.identifier.type",
        "max": "0"
      },
      {
        "id": "Observation.performer:pessoaJuridicaProfissionalLiberal.identifier.system",
        "path": "Observation.performer.identifier.system",
        "min": 1,
        "fixedUri": "http://www.saude.gov.br/fhir/r4/StructureDefinition/BRPessoaJuridicaProfissionalLiberal-1.0"
      },
      {
        "id": "Observation.performer:pessoaJuridicaProfissionalLiberal.identifier.value",
        "path": "Observation.performer.identifier.value",
        "min": 1
      },
      {
        "id": "Observation.performer:pessoaJuridicaProfissionalLiberal.identifier.period",
        "path": "Observation.performer.identifier.period",
        "max": "0"
      },
      {
        "id": "Observation.performer:pessoaJuridicaProfissionalLiberal.identifier.assigner",
        "path": "Observation.performer.identifier.assigner",
        "max": "0"
      },
      {
        "id": "Observation.performer:pessoaJuridicaProfissionalLiberal.display",
        "path": "Observation.performer.display",
        "max": "0"
      },
      {
        "id": "Observation.value[x]",
        "path": "Observation.value[x]",
        "short": "Resultado Qualitativo do Exame",
        "definition": "É um valor qualitativo, utilizando Codeable Concept.",
        "min": 1,
        "type": [
          {
            "code": "CodeableConcept"
          }
        ],
        "mustSupport": true,
        "binding": {
          "strength": "required",
          "description": "Resultado Qualitativo do Exame",
          "valueSet": "http://www.saude.gov.br/fhir/r4/ValueSet/BRResultadoQualitativoExame-1.0"
        }
      },
      {
        "id": "Observation.value[x].coding",
        "path": "Observation.value[x].coding",
        "min": 1,
        "max": "1"
      },
      {
        "id": "Observation.value[x].coding.system",
        "path": "Observation.value[x].coding.system",
        "min": 1
      },
      {
        "id": "Observation.value[x].coding.code",
        "path": "Observation.value[x].coding.code",
        "min": 1
      },
      {
        "id": "Observation.value[x].coding.display",
        "path": "Observation.value[x].coding.display",
        "max": "0"
      },
      {
        "id": "Observation.value[x].coding.userSelected",
        "path": "Observation.value[x].coding.userSelected",
        "max": "0"
      },
      {
        "id": "Observation.value[x].text",
        "path": "Observation.value[x].text",
        "max": "0"
      },
      {
        "id": "Observation.dataAbsentReason",
        "path": "Observation.dataAbsentReason",
        "max": "0"
      },
      {
        "id": "Observation.interpretation",
        "path": "Observation.interpretation",
        "short": "Interpretação Qualitativa",
        "definition": "Interpretação qualitativa de um resultado quantitativo.",
        "max": "0",
        "mustSupport": true
      },
      {
        "id": "Observation.interpretation.coding",
        "path": "Observation.interpretation.coding",
        "min": 1,
        "max": "1"
      },
      {
        "id": "Observation.interpretation.coding.system",
        "extension": [
          {
            "url": "http://hl7.org/fhir/StructureDefinition/structuredefinition-standards-status",
            "valueCode": "normative"
          },
          {
            "url": "http://hl7.org/fhir/StructureDefinition/structuredefinition-normative-version",
            "valueCode": "4.0.0"
          }
        ],
        "path": "Observation.interpretation.coding.system",
        "min": 1
      },
      {
        "id": "Observation.interpretation.coding.version",
        "path": "Observation.interpretation.coding.version",
        "max": "0"
      },
      {
        "id": "Observation.interpretation.coding.code",
        "extension": [
          {
            "url": "http://hl7.org/fhir/StructureDefinition/structuredefinition-standards-status",
            "valueCode": "normative"
          },
          {
            "url": "http://hl7.org/fhir/StructureDefinition/structuredefinition-normative-version",
            "valueCode": "4.0.0"
          }
        ],
        "path": "Observation.interpretation.coding.code",
        "min": 1
      },
      {
        "id": "Observation.interpretation.coding.display",
        "extension": [
          {
            "url": "http://hl7.org/fhir/StructureDefinition/structuredefinition-standards-status",
            "valueCode": "normative"
          },
          {
            "url": "http://hl7.org/fhir/StructureDefinition/structuredefinition-normative-version",
            "valueCode": "4.0.0"
          }
        ],
        "path": "Observation.interpretation.coding.display",
        "max": "0"
      },
      {
        "id": "Observation.interpretation.coding.userSelected",
        "extension": [
          {
            "url": "http://hl7.org/fhir/StructureDefinition/structuredefinition-standards-status",
            "valueCode": "normative"
          },
          {
            "url": "http://hl7.org/fhir/StructureDefinition/structuredefinition-normative-version",
            "valueCode": "4.0.0"
          }
        ],
        "path": "Observation.interpretation.coding.userSelected",
        "max": "0"
      },
      {
        "id": "Observation.interpretation.text",
        "extension": [
          {
            "url": "http://hl7.org/fhir/StructureDefinition/structuredefinition-standards-status",
            "valueCode": "normative"
          },
          {
            "url": "http://hl7.org/fhir/StructureDefinition/structuredefinition-normative-version",
            "valueCode": "4.0.0"
          }
        ],
        "path": "Observation.interpretation.text",
        "max": "0"
      },
      {
        "id": "Observation.note",
        "path": "Observation.note",
        "short": "Notas",
        "definition": "Comentários sobre os resultados dos exames.",
        "max": "0",
        "mustSupport": true
      },
      {
        "id": "Observation.note.author[x]",
        "path": "Observation.note.author[x]",
        "max": "0"
      },
      {
        "id": "Observation.note.time",
        "extension": [
          {
            "url": "http://hl7.org/fhir/StructureDefinition/structuredefinition-standards-status",
            "valueCode": "normative"
          },
          {
            "url": "http://hl7.org/fhir/StructureDefinition/structuredefinition-normative-version",
            "valueCode": "4.0.0"
          }
        ],
        "path": "Observation.note.time",
        "max": "0"
      },
      {
        "id": "Observation.bodySite",
        "path": "Observation.bodySite",
        "max": "0"
      },
      {
        "id": "Observation.method",
        "path": "Observation.method",
        "short": "Método",
        "definition": "Método empregado no exame realizado.",
        "max": "0",
        "mustSupport": true
      },
      {
        "id": "Observation.method.coding",
        "path": "Observation.method.coding",
        "max": "0"
      },
      {
        "id": "Observation.method.text",
        "extension": [
          {
            "url": "http://hl7.org/fhir/StructureDefinition/structuredefinition-standards-status",
            "valueCode": "normative"
          },
          {
            "url": "http://hl7.org/fhir/StructureDefinition/structuredefinition-normative-version",
            "valueCode": "4.0.0"
          }
        ],
        "path": "Observation.method.text",
        "mustSupport": true
      },
      {
        "id": "Observation.specimen",
        "path": "Observation.specimen",
        "short": "Amostra",
        "definition": "A amostra que foi usada quando esta observação foi realizada.",
        "max": "0",
        "type": [
          {
            "code": "Reference",
            "targetProfile": [
              "http://www.saude.gov.br/fhir/r4/StructureDefinition/BRAmostraBiologica-1.0"
            ]
          }
        ],
        "mustSupport": true
      },
      {
        "id": "Observation.specimen.reference",
        "extension": [
          {
            "url": "http://hl7.org/fhir/StructureDefinition/structuredefinition-standards-status",
            "valueCode": "normative"
          },
          {
            "url": "http://hl7.org/fhir/StructureDefinition/structuredefinition-normative-version",
            "valueCode": "4.0.0"
          }
        ],
        "path": "Observation.specimen.reference",
        "min": 1
      },
      {
        "id": "Observation.specimen.type",
        "extension": [
          {
            "url": "http://hl7.org/fhir/StructureDefinition/structuredefinition-standards-status",
            "valueCode": "normative"
          },
          {
            "url": "http://hl7.org/fhir/StructureDefinition/structuredefinition-normative-version",
            "valueCode": "4.0.0"
          }
        ],
        "path": "Observation.specimen.type",
        "max": "0"
      },
      {
        "id": "Observation.specimen.identifier",
        "path": "Observation.specimen.identifier",
        "max": "0"
      },
      {
        "id": "Observation.specimen.display",
        "extension": [
          {
            "url": "http://hl7.org/fhir/StructureDefinition/structuredefinition-standards-status",
            "valueCode": "normative"
          },
          {
            "url": "http://hl7.org/fhir/StructureDefinition/structuredefinition-normative-version",
            "valueCode": "4.0.0"
          }
        ],
        "path": "Observation.specimen.display",
        "max": "0"
      },
      {
        "id": "Observation.device",
        "path": "Observation.device",
        "max": "0"
      },
      {
        "id": "Observation.referenceRange",
        "path": "Observation.referenceRange",
        "short": "Valor de Referência",
        "definition": "Valores de referência para apoiar na interpretação do resultado.",
        "max": "0",
        "mustSupport": true
      },
      {
        "id": "Observation.referenceRange.low",
        "path": "Observation.referenceRange.low",
        "max": "0"
      },
      {
        "id": "Observation.referenceRange.high",
        "path": "Observation.referenceRange.high",
        "max": "0"
      },
      {
        "id": "Observation.referenceRange.type",
        "path": "Observation.referenceRange.type",
        "max": "0"
      },
      {
        "id": "Observation.referenceRange.appliesTo",
        "path": "Observation.referenceRange.appliesTo",
        "max": "0"
      },
      {
        "id": "Observation.referenceRange.age",
        "path": "Observation.referenceRange.age",
        "max": "0"
      },
      {
        "id": "Observation.referenceRange.text",
        "extension": [
          {
            "url": "http://hl7.org/fhir/StructureDefinition/structuredefinition-standards-status",
            "valueCode": "normative"
          },
          {
            "url": "http://hl7.org/fhir/StructureDefinition/structuredefinition-normative-version",
            "valueCode": "4.0.0"
          }
        ],
        "path": "Observation.referenceRange.text",
        "min": 1
      },
      {
        "id": "Observation.hasMember",
        "path": "Observation.hasMember",
        "max": "0"
      },
      {
        "id": "Observation.derivedFrom",
        "path": "Observation.derivedFrom",
        "max": "0"
      },
      {
        "id": "Observation.component",
        "path": "Observation.component",
        "max": "0"
      }
    ]
  }
}