{
  "resourceType": "StructureDefinition",
  "meta": {
    "lastUpdated": "2020-03-11T04:12:06.852+00:00"
  },
  "url": "http://www.saude.gov.br/fhir/r4/StructureDefinition/BRDocumentoIndividuo-1.0",
  "name": "BRDocumentoIndividuo",
  "title": "Documento do Indivíduo",
  "status": "active",
  "date": "2020-03-11T04:12:06.1755665+00:00",
  "fhirVersion": "4.0.0",
  "kind": "complex-type",
  "abstract": false,
  "type": "Identifier",
  "baseDefinition": "http://hl7.org/fhir/StructureDefinition/Identifier",
  "derivation": "constraint",
  "differential": {
    "element": [
      {
        "id": "Identifier",
        "path": "Identifier",
        "short": "Documento",
        "definition": "Documento(s) do indivíduo.",
        "min": 1,
        "mustSupport": true
      },
      {
        "id": "Identifier.extension",
        "path": "Identifier.extension",
        "slicing": {
          "discriminator": [
            {
              "type": "value",
              "path": "url"
            }
          ],
          "rules": "open"
        }
      },
      {
        "id": "Identifier.extension:assignerJurisdiction",
        "path": "Identifier.extension",
        "sliceName": "assignerJurisdiction",
        "definition": "Unidade Federativa, identificada por Code System (sigla da UF), ou o número da região do Órgão Expedidor de um documento.",
        "type": [
          {
            "code": "Extension",
            "profile": [
              "http://www.saude.gov.br/fhir/r4/StructureDefinition/BRJurisdicaoOrgaoEmissor-1.0"
            ]
          }
        ],
        "mustSupport": true
      },
      {
        "id": "Identifier.use",
        "path": "Identifier.use",
        "short": "Uso do Documento",
        "definition": "official: Documentos oficiais ou o CNS Definitivo\r\nsecondary: CNS Provisório",
        "min": 1,
        "mustSupport": true
      },
      {
        "id": "Identifier.type",
        "path": "Identifier.type",
        "short": "Tipo de Documento",
        "definition": "Tipo de documento utilizado para identificar o indivíduo.",
        "min": 1,
        "mustSupport": true,
        "binding": {
          "strength": "required",
          "description": "Tipo do Identificador",
          "valueSet": "http://www.saude.gov.br/fhir/r4/ValueSet/BRTipoDocumentoIndividuo-1.0"
        }
      },
      {
        "id": "Identifier.type.coding",
        "path": "Identifier.type.coding",
        "min": 1,
        "max": "1"
      },
      {
        "id": "Identifier.type.coding.system",
        "path": "Identifier.type.coding.system",
        "min": 1
      },
      {
        "id": "Identifier.type.coding.code",
        "path": "Identifier.type.coding.code",
        "min": 1
      },
      {
        "id": "Identifier.type.coding.display",
        "path": "Identifier.type.coding.display",
        "max": "0"
      },
      {
        "id": "Identifier.type.coding.userSelected",
        "path": "Identifier.type.coding.userSelected",
        "max": "0"
      },
      {
        "id": "Identifier.type.text",
        "path": "Identifier.type.text",
        "max": "0"
      },
      {
        "id": "Identifier.system",
        "path": "Identifier.system",
        "max": "0"
      },
      {
        "id": "Identifier.value",
        "path": "Identifier.value",
        "short": "Número do Documento",
        "definition": "Número do documento, incluindo letras e outros caracteres utilizados.",
        "min": 1,
        "mustSupport": true
      },
      {
        "id": "Identifier.period",
        "path": "Identifier.period",
        "short": "Período do Documento",
        "definition": "Datas de emissão e validade do documento.",
        "mustSupport": true
      },
      {
        "id": "Identifier.period.start",
        "path": "Identifier.period.start",
        "short": "Data de Expedição/Inscrição/Cadastro",
        "definition": "Data em que o documento foi gerado.",
        "mustSupport": true
      },
      {
        "id": "Identifier.period.end",
        "path": "Identifier.period.end",
        "short": "Data de Suspensão/Cancelamento/Validade",
        "definition": "Até quando (data) o documento é ou foi válido.",
        "mustSupport": true
      },
      {
        "id": "Identifier.assigner",
        "path": "Identifier.assigner",
        "short": "Órgão Expedidor",
        "mustSupport": true
      },
      {
        "id": "Identifier.assigner.reference",
        "path": "Identifier.assigner.reference",
        "max": "0"
      },
      {
        "id": "Identifier.assigner.type",
        "path": "Identifier.assigner.type",
        "max": "0"
      },
      {
        "id": "Identifier.assigner.identifier",
        "path": "Identifier.assigner.identifier",
        "max": "0"
      },
      {
        "id": "Identifier.assigner.display",
        "path": "Identifier.assigner.display",
        "short": "Órgão Expedidor",
        "min": 1,
        "mustSupport": true,
        "binding": {
          "strength": "required",
          "description": "Órgão Expedidor",
          "valueSet": "http://www.saude.gov.br/fhir/r4/ValueSet/BROrgaoExpedidor-1.0"
        }
      }
    ]
  }
}