{
  "resourceType": "StructureDefinition",
  "id": "a3bc0180-3d3d-469f-af04-7117f87db5be",
  "meta": {
    "lastUpdated": "2020-03-13T20:46:22.162+00:00"
  },
  "language": "pt-BR",
  "url": "http://www.saude.gov.br/fhir/r4/StructureDefinition/BREstabelecimentoSaude-1.0",
  "version": "1.0",
  "name": "BREstabelecimentoSaude",
  "title": "Estabelecimento de Saúde",
  "status": "active",
  "date": "2020-03-13T20:46:45.7872438+00:00",
  "publisher": "Ministério da Saúde do Brasil",
  "description": "Espaço físico delimitado e permanente onde são realizadas ações e serviços de saúde humana sob responsabilidade técnica.",
  "fhirVersion": "4.0.0",
  "kind": "resource",
  "abstract": false,
  "type": "Organization",
  "baseDefinition": "http://hl7.org/fhir/StructureDefinition/Organization",
  "derivation": "constraint",
  "differential": {
    "element": [
      {
        "id": "Organization",
        "path": "Organization",
        "short": "Estabelecimento de Saúde",
        "definition": "Espaço físico delimitado e permanente onde são realizadas ações e serviços de saúde humana sob responsabilidade técnica.",
        "mustSupport": true
      },
      {
        "id": "Organization.extension",
        "path": "Organization.extension",
        "slicing": {
          "discriminator": [
            {
              "type": "value",
              "path": "url"
            }
          ],
          "rules": "open"
        }
      },
      {
        "id": "Organization.extension:isSUS",
        "path": "Organization.extension",
        "sliceName": "isSUS",
        "short": "Atende SUS",
        "definition": "True = Sim; False = Não.",
        "min": 1,
        "max": "1",
        "type": [
          {
            "code": "Extension",
            "profile": [
              "http://www.saude.gov.br/fhir/r4/StructureDefinition/BRAtendeSUS-1.0"
            ]
          }
        ],
        "mustSupport": true
      },
      {
        "id": "Organization.extension:outsourcedAdministrator",
        "path": "Organization.extension",
        "sliceName": "outsourcedAdministrator",
        "definition": "Instituição contratada para administrar o Estabelecimento de Saúde.",
        "max": "1",
        "type": [
          {
            "code": "Extension",
            "profile": [
              "http://www.saude.gov.br/fhir/r4/StructureDefinition/BRAdministradorTerceiro-1.0"
            ]
          }
        ],
        "mustSupport": true
      },
      {
        "id": "Organization.extension:outsourcedAdministrator.value[x]",
        "path": "Organization.extension.value[x]",
        "type": [
          {
            "code": "Reference",
            "targetProfile": [
              "http://www.saude.gov.br/fhir/r4/StructureDefinition/BRPessoaJuridica-1.0"
            ]
          }
        ]
      },
      {
        "id": "Organization.identifier",
        "path": "Organization.identifier",
        "max": "0"
      },
      {
        "id": "Organization.active",
        "path": "Organization.active",
        "short": "Estabelecimento de Saúde Ativo",
        "definition": "Se o Estabelecimento de Saúde ainda está em ativo.",
        "min": 1
      },
      {
        "id": "Organization.type",
        "path": "Organization.type",
        "short": "Tipo do Estabelecimento de Saúde",
        "definition": "Classificação do Estabelecimento de Saúde de acordo com um conjunto de dimensões.",
        "min": 1,
        "max": "1",
        "mustSupport": true,
        "binding": {
          "strength": "required",
          "description": "Tipo de Estabelecimento de Saúde",
          "valueSet": "http://www.saude.gov.br/fhir/r4/ValueSet/BRTipoEstabelecimentoSaude-1.0"
        }
      },
      {
        "id": "Organization.type.coding",
        "path": "Organization.type.coding",
        "min": 1,
        "max": "1",
        "binding": {
          "strength": "required",
          "description": "Tipo de Estabelecimento de Saúde.",
          "valueSet": "http://www.saude.gov.br/fhir/r4/ValueSet/BRTipoEstabelecimentoSaude-1.0"
        }
      },
      {
        "id": "Organization.type.coding.system",
        "path": "Organization.type.coding.system",
        "min": 1
      },
      {
        "id": "Organization.type.coding.code",
        "path": "Organization.type.coding.code",
        "min": 1
      },
      {
        "id": "Organization.type.coding.display",
        "path": "Organization.type.coding.display",
        "max": "0"
      },
      {
        "id": "Organization.type.coding.userSelected",
        "path": "Organization.type.coding.userSelected",
        "max": "0"
      },
      {
        "id": "Organization.type.text",
        "path": "Organization.type.text",
        "max": "0"
      },
      {
        "id": "Organization.name",
        "path": "Organization.name",
        "short": "Nome",
        "definition": "Nome do Estabelecimento de Saúde.",
        "min": 1,
        "mustSupport": true
      },
      {
        "id": "Organization.alias",
        "path": "Organization.alias",
        "short": "Nome Empresarial",
        "definition": "Firma ou denominação adotada para o exercício da instituição/entidade/órgão/empresa.",
        "min": 1,
        "max": "1",
        "mustSupport": true
      },
      {
        "id": "Organization.telecom",
        "path": "Organization.telecom",
        "definition": "Informações do(s) meio(s) de contato com o Estabelecimento de Saúde.",
        "type": [
          {
            "code": "ContactPoint",
            "profile": [
              "http://www.saude.gov.br/fhir/r4/StructureDefinition/BRMeioContato-1.0"
            ]
          }
        ]
      },
      {
        "id": "Organization.telecom.period",
        "path": "Organization.telecom.period",
        "max": "0"
      },
      {
        "id": "Organization.address",
        "path": "Organization.address",
        "definition": "Dados do endereço onde o Estabelecimento de Saúde é localizado.",
        "min": 1,
        "max": "1",
        "type": [
          {
            "code": "Address",
            "profile": [
              "http://www.saude.gov.br/fhir/r4/StructureDefinition/BREndereco-1.0"
            ]
          }
        ]
      },
      {
        "id": "Organization.address.use",
        "path": "Organization.address.use",
        "max": "0"
      },
      {
        "id": "Organization.address.type",
        "path": "Organization.address.type",
        "max": "0"
      },
      {
        "id": "Organization.address.period",
        "path": "Organization.address.period",
        "max": "0"
      },
      {
        "id": "Organization.partOf",
        "path": "Organization.partOf",
        "short": "CPF/CNPJ do Estabelecimento/Mantenedora",
        "definition": "Pessoa Física (CPF) ou Jurídica (CNPJ) proprietária do Estabelecimento de Saúde.",
        "min": 1,
        "type": [
          {
            "extension": [
              {
                "url": "http://hl7.org/fhir/StructureDefinition/structuredefinition-hierarchy",
                "valueBoolean": true
              }
            ],
            "code": "Reference",
            "targetProfile": [
              "http://www.saude.gov.br/fhir/r4/StructureDefinition/BRPessoaJuridicaProfissionalLiberal-1.0"
            ]
          }
        ],
        "mustSupport": true
      },
      {
        "id": "Organization.partOf.reference",
        "path": "Organization.partOf.reference",
        "min": 1
      },
      {
        "id": "Organization.partOf.type",
        "path": "Organization.partOf.type",
        "max": "0"
      },
      {
        "id": "Organization.partOf.identifier",
        "path": "Organization.partOf.identifier",
        "max": "0"
      },
      {
        "id": "Organization.partOf.display",
        "path": "Organization.partOf.display",
        "max": "0"
      },
      {
        "id": "Organization.contact",
        "path": "Organization.contact",
        "max": "0"
      },
      {
        "id": "Organization.endpoint",
        "path": "Organization.endpoint",
        "max": "0"
      }
    ]
  }
}