{
  "resourceType": "ValueSet",
  "meta": {
    "lastUpdated": "2020-03-12T13:10:19.911+00:00"
  },
  "language": "pt-BR",
  "url": "http://www.saude.gov.br/fhir/r4/ValueSet/BREtniaIndigena-1.0",
  "version": "1.0",
  "name": "Etnia Indígena",
  "status": "active",
  "experimental": false,
  "date": "2020-03-12T13:10:19.0007937+00:00",
  "publisher": "Ministério da Saúde do Brasil",
  "description": "Códigos para representação de etnias indígenas no Brasil.",
  "immutable": false,
  "compose": {
    "include": [
      {
        "system": "http://www.saude.gov.br/fhir/r4/CodeSystem/BREtniaIndigena"
      }
    ]
  }
}