{
  "resourceType": "StructureDefinition",
  "url": "http://www.saude.gov.br/fhir/r4/StructureDefinition/BRIntervaloDoses",
  "name": "BRIntervaloDoses",
  "title": "Intervalo entre Doses",
  "status": "draft",
  "description": "Extensão para descrever uma unidade de tempo referenciada pelo UCUM.",
  "fhirVersion": "4.0.1",
  "kind": "complex-type",
  "abstract": false,
  "context": [
    {
      "type": "element",
      "expression": "Element"
    }
  ],
  "type": "Extension",
  "baseDefinition": "http://hl7.org/fhir/StructureDefinition/Extension",
  "derivation": "constraint",
  "differential": {
    "element": [
      {
        "id": "Extension.id",
        "path": "Extension.id",
        "max": "0"
      },
      {
        "id": "Extension.extension",
        "path": "Extension.extension",
        "slicing": {
          "discriminator": [
            {
              "type": "value",
              "path": "url"
            }
          ],
          "rules": "open"
        },
        "min": 2
      },
      {
        "id": "Extension.extension:periodUnit",
        "path": "Extension.extension",
        "sliceName": "periodUnit",
        "min": 1,
        "max": "1",
        "binding": {
          "strength": "required",
          "description": "Define a unidade de tempo segundo o UCUM",
          "valueSet": "http://www.saude.gov.br/fhir/r4/ValueSet/BRUnidadeTempo"
        }
      },
      {
        "id": "Extension.extension:periodUnit.id",
        "path": "Extension.extension.id",
        "max": "0"
      },
      {
        "id": "Extension.extension:periodUnit.url",
        "path": "Extension.extension.url",
        "fixedUri": "periodUnit"
      },
      {
        "id": "Extension.extension:periodUnit.value[x]",
        "path": "Extension.extension.value[x]",
        "min": 1,
        "type": [
          {
            "code": "code"
          }
        ],
        "binding": {
          "strength": "required",
          "description": "Define a unidade de tempo segundo o UCUM",
          "valueSet": "http://www.saude.gov.br/fhir/r4/ValueSet/BRUnidadeTempo"
        }
      },
      {
        "id": "Extension.extension:periodUnit.value[x].id",
        "path": "Extension.extension.value[x].id",
        "max": "0"
      },
      {
        "id": "Extension.extension:period",
        "path": "Extension.extension",
        "sliceName": "period",
        "min": 1,
        "max": "1"
      },
      {
        "id": "Extension.extension:period.id",
        "path": "Extension.extension.id",
        "max": "0"
      },
      {
        "id": "Extension.extension:period.url",
        "path": "Extension.extension.url",
        "fixedUri": "period"
      },
      {
        "id": "Extension.extension:period.value[x]",
        "path": "Extension.extension.value[x]",
        "short": "Intervalo entre doses",
        "min": 1,
        "type": [
          {
            "code": "positiveInt"
          }
        ]
      },
      {
        "id": "Extension.url",
        "path": "Extension.url",
        "fixedUri": "http://www.saude.gov.br/fhir/r4/StructureDefinition/BRIntervaloDoses"
      },
      {
        "id": "Extension.value[x]",
        "path": "Extension.value[x]",
        "max": "0",
        "type": [
          {
            "code": "base64Binary"
          },
          {
            "code": "boolean"
          },
          {
            "code": "canonical"
          },
          {
            "code": "code"
          },
          {
            "code": "date"
          },
          {
            "code": "dateTime"
          },
          {
            "code": "decimal"
          },
          {
            "code": "id"
          },
          {
            "code": "instant"
          },
          {
            "code": "integer"
          },
          {
            "code": "markdown"
          },
          {
            "code": "oid"
          },
          {
            "code": "positiveInt"
          },
          {
            "code": "string"
          },
          {
            "code": "time"
          },
          {
            "code": "unsignedInt"
          },
          {
            "code": "uri"
          },
          {
            "code": "url"
          },
          {
            "code": "uuid"
          },
          {
            "code": "Address"
          },
          {
            "code": "Age"
          },
          {
            "code": "Annotation"
          },
          {
            "code": "Attachment"
          },
          {
            "code": "CodeableConcept"
          },
          {
            "code": "Coding"
          },
          {
            "code": "ContactPoint"
          },
          {
            "code": "Count"
          },
          {
            "code": "Distance"
          },
          {
            "code": "Duration"
          },
          {
            "code": "HumanName"
          },
          {
            "code": "Identifier"
          },
          {
            "code": "Money"
          },
          {
            "code": "Period"
          },
          {
            "code": "Quantity"
          },
          {
            "code": "Range"
          },
          {
            "code": "Ratio"
          },
          {
            "code": "Reference"
          },
          {
            "code": "SampledData"
          },
          {
            "code": "Signature"
          },
          {
            "code": "Timing"
          },
          {
            "code": "ContactDetail"
          },
          {
            "code": "Contributor"
          },
          {
            "code": "DataRequirement"
          },
          {
            "code": "Expression"
          },
          {
            "code": "ParameterDefinition"
          },
          {
            "code": "RelatedArtifact"
          },
          {
            "code": "TriggerDefinition"
          },
          {
            "code": "UsageContext"
          },
          {
            "code": "Dosage"
          }
        ]
      }
    ]
  }
}