{
  "resourceType": "StructureDefinition",
  "language": "pt-BR",
  "url": "http://www.saude.gov.br/fhir/r4/StructureDefinition/BRIndividuoProtegido-1.0",
  "version": "1.0",
  "name": "BRIndividuoProtegido",
  "title": "Indivíduo Protegido?",
  "status": "active",
  "date": "2020-03-13T19:55:12.5908295Z",
  "publisher": "Ministério da Saúde do Brasil",
  "description": "Extensão utilizada para identificar indivíduos que possuem  maior restrição à disponibilização de seus dados, por possuirem grande exposição pública (ex.: político, esportista, artista famoso etc.), estarem em programa de proteção à testemunha, o objeto de seu trabalho colocá-los em risco (investigadores da inteligência, p.ex.), dentre outros.",
  "fhirVersion": "4.0.0",
  "kind": "complex-type",
  "abstract": false,
  "context": [
    {
      "type": "element",
      "expression": "Patient"
    }
  ],
  "type": "Extension",
  "baseDefinition": "http://hl7.org/fhir/StructureDefinition/Extension",
  "derivation": "constraint",
  "differential": {
    "element": [
      {
        "id": "Extension",
        "path": "Extension",
        "short": "Indivíduo Protegido?",
        "definition": "Identifica indivíduos que possuem maior restrição à disponibilização de seus dados, por possuirem grande exposição pública (ex.: político, esportista, artista famoso etc.), estarem em programa de proteção à testemunha, o objeto de seu trabalho colocá-los em risco (investigadores da inteligência, p.ex.), dentre outros."
      },
      {
        "id": "Extension.url",
        "path": "Extension.url",
        "fixedUri": "http://www.saude.gov.br/fhir/r4/StructureDefinition/BRIndividuoProtegido-1.0"
      },
      {
        "id": "Extension.value[x]",
        "path": "Extension.value[x]",
        "min": 1,
        "type": [
          {
            "code": "boolean"
          }
        ]
      }
    ]
  }
}