{
  "resourceType": "StructureDefinition",
  "meta": {
    "lastUpdated": "2020-03-11T04:06:22.238+00:00"
  },
  "language": "pt-BR",
  "url": "http://www.saude.gov.br/fhir/r4/StructureDefinition/BRMeioContato-1.0",
  "version": "1.0",
  "name": "BRMeioContato",
  "title": "Meio de Contato",
  "status": "active",
  "date": "2020-03-11T04:06:21.7150652+00:00",
  "publisher": "Ministério da Saúde do Brasil",
  "description": "Padronização de meios de contato no Brasil.",
  "fhirVersion": "4.0.0",
  "kind": "complex-type",
  "abstract": false,
  "type": "ContactPoint",
  "baseDefinition": "http://hl7.org/fhir/StructureDefinition/ContactPoint",
  "derivation": "constraint",
  "differential": {
    "element": [
      {
        "id": "ContactPoint",
        "path": "ContactPoint",
        "short": "Meio de Contato",
        "definition": "Informações do(s) meio(s) de contato com o indivíduo.",
        "alias": [
          "Contato",
          "Informação de Contato",
          "Telefone",
          "E-Mail",
          "Correio Eletrônico",
          "Celular",
          "Recado"
        ],
        "mustSupport": true
      },
      {
        "id": "ContactPoint.system",
        "path": "ContactPoint.system",
        "short": "Tipo de Meio de Contato",
        "definition": "sms: número de telefone celular.\r\nphone: número de telefone fixo.\r\nfax: número de fax.\r\nemail: endereço de correio eletrônico (e-mail).\r\npager: número de pager/bip.\r\nurl: endereço do sítio eletrônico na internet, inclusive redes sociais.\r\nother: outros meios de contato, inserir no value uma descrição, seguida do caractere : e espaço, seguido do contato propriamente dito (ex.: Jabber: fulano@organizacao).",
        "min": 1,
        "mustSupport": true
      },
      {
        "id": "ContactPoint.value",
        "path": "ContactPoint.value",
        "short": "Contato",
        "definition": "O número do telefone (preferencialmente em formato internacional +CC DDD XXXXX-XXXX, onde CC é o código do país, DDD código da cidade/localidade e XXXXX-XXXX é o número do telefone propriamente dito), endereço de correio eletrônico (ex.: fulano@provedor.br), URL ou outro valor que identifique o contato. Quando utilizar \"other\" no system, inserir uma descrição do meio de contato, seguida do caractere : e espaço, seguido do contato propriamente dito (ex.: Jabber: fulano@organizacao).",
        "min": 1,
        "mustSupport": true
      },
      {
        "id": "ContactPoint.use",
        "path": "ContactPoint.use",
        "short": "Uso do Meio de Contato",
        "definition": "home: residencial.\r\nwork: comercial.\r\ntemp: temporário ou de recado.\r\nmobile: dispositivo móvel, como um telefone celular.",
        "mustSupport": true
      },
      {
        "id": "ContactPoint.rank",
        "path": "ContactPoint.rank",
        "short": "Ordem de Preferência",
        "definition": "Especifica uma ordem preferencial entre vários contatos do mesmo tipo, sendo o de valor 1 o preferido.",
        "mustSupport": true
      },
      {
        "id": "ContactPoint.period",
        "path": "ContactPoint.period",
        "short": "Período do Meio de Contato",
        "definition": "Período em que o meio de contato foi utilizado pelo indivíduo.",
        "mustSupport": true
      },
      {
        "id": "ContactPoint.period.start",
        "path": "ContactPoint.period.start",
        "short": "Data de Início do Meio de Contato",
        "definition": "Data em que o meio de contato foi cadastrado ou começou a ser utilizado pelo indivíduo.",
        "mustSupport": true
      },
      {
        "id": "ContactPoint.period.end",
        "path": "ContactPoint.period.end",
        "short": "Data da Término do Meio de Contato",
        "definition": "Data em que o meio de contato foi desativado ou parou de ser utilizado pelo indivíduo.",
        "mustSupport": true
      }
    ]
  }
}