{
  "resourceType": "StructureDefinition",
  "url": "http://www.saude.gov.br/fhir/r4/StructureDefinition/BRMedicamento",
  "version": "01.00",
  "name": "BRMedicamento",
  "title": "Medicamento",
  "status": "draft",
  "fhirVersion": "4.0.1",
  "kind": "resource",
  "abstract": false,
  "type": "Medication",
  "baseDefinition": "http://hl7.org/fhir/StructureDefinition/Medication",
  "derivation": "constraint",
  "differential": {
    "element": [
      {
        "id": "Medication.id",
        "path": "Medication.id",
        "max": "0"
      },
      {
        "id": "Medication.implicitRules",
        "path": "Medication.implicitRules",
        "max": "0"
      },
      {
        "id": "Medication.language",
        "path": "Medication.language",
        "max": "0"
      },
      {
        "id": "Medication.text",
        "path": "Medication.text",
        "max": "0"
      },
      {
        "id": "Medication.contained",
        "path": "Medication.contained",
        "max": "0"
      },
      {
        "id": "Medication.extension",
        "path": "Medication.extension",
        "slicing": {
          "discriminator": [
            {
              "type": "value",
              "path": "url"
            }
          ],
          "rules": "open"
        },
        "min": 0
      },
      {
        "id": "Medication.extension:serialCode",
        "path": "Medication.extension",
        "sliceName": "serialCode",
        "min": 0,
        "max": "1",
        "type": [
          {
            "code": "Extension",
            "profile": [
              "http://www.saude.gov.br/fhir/r4/StructureDefinition/BRCodigoSerialMedicamento"
            ]
          }
        ]
      },
      {
        "id": "Medication.identifier",
        "path": "Medication.identifier",
        "max": "0"
      },
      {
        "id": "Medication.code",
        "path": "Medication.code",
        "short": "Nome do Medicamento",
        "definition": "Nome e terminologia do medicamento fabricado.",
        "min": 1,
        "binding": {
          "strength": "preferred",
          "description": "Define a terminologia de um dado medicamento.",
          "valueSet": "http://www.saude.gov.br/fhir/r4/ValueSet/BRTerminologiaMedicamento"
        }
      },
      {
        "id": "Medication.code.id",
        "path": "Medication.code.id",
        "max": "0"
      },
      {
        "id": "Medication.code.coding",
        "path": "Medication.code.coding",
        "min": 1,
        "max": "1"
      },
      {
        "id": "Medication.code.coding.id",
        "path": "Medication.code.coding.id",
        "max": "0"
      },
      {
        "id": "Medication.code.coding.system",
        "path": "Medication.code.coding.system",
        "min": 1
      },
      {
        "id": "Medication.code.coding.version",
        "path": "Medication.code.coding.version",
        "short": "Versão da terminologia - se relevante"
      },
      {
        "id": "Medication.code.coding.code",
        "path": "Medication.code.coding.code",
        "min": 1
      },
      {
        "id": "Medication.code.coding.display",
        "path": "Medication.code.coding.display",
        "max": "0"
      },
      {
        "id": "Medication.code.coding.userSelected",
        "path": "Medication.code.coding.userSelected",
        "max": "0"
      },
      {
        "id": "Medication.code.text",
        "path": "Medication.code.text",
        "short": "Nome da terminologia"
      },
      {
        "id": "Medication.status",
        "path": "Medication.status",
        "max": "0"
      },
      {
        "id": "Medication.manufacturer",
        "path": "Medication.manufacturer",
        "max": "0"
      },
      {
        "id": "Medication.form",
        "path": "Medication.form",
        "short": "Unidade de medida do medicamento",
        "definition": "Unidade de medida do medicamento prescrito (ex.: comprimido, cápsula, frasco, caixa etc.).",
        "binding": {
          "strength": "required",
          "description": "Unidade de medida do medicamento",
          "valueSet": "http://www.saude.gov.br/fhir/r4/ValueSet/BRUnidadeMedidaMedicamento"
        }
      },
      {
        "id": "Medication.amount",
        "path": "Medication.amount",
        "max": "0"
      },
      {
        "id": "Medication.ingredient",
        "path": "Medication.ingredient",
        "max": "0"
      },
      {
        "id": "Medication.batch",
        "path": "Medication.batch",
        "short": "Detalhes sobre a medicação.",
        "definition": "Informação sobre lote e validade da medicação."
      },
      {
        "id": "Medication.batch.id",
        "path": "Medication.batch.id",
        "max": "0"
      },
      {
        "id": "Medication.batch.lotNumber",
        "path": "Medication.batch.lotNumber",
        "short": "Lote de medicamento.",
        "definition": "RN14: Se medicamento serializado/Datamatrix - Elemento lot do XML para grupo  IUM."
      },
      {
        "id": "Medication.batch.expirationDate",
        "path": "Medication.batch.expirationDate",
        "short": "Data de validade do medicamento."
      }
    ]
  }
}