{
  "resourceType": "ValueSet",
  "meta": {
    "lastUpdated": "2020-03-11T19:17:31.538+00:00"
  },
  "language": "pt-BR",
  "url": "http://www.saude.gov.br/fhir/r4/ValueSet/BRMunicipio-1.0",
  "version": "1.0",
  "name": "Município",
  "status": "active",
  "experimental": false,
  "date": "2020-03-11T19:17:52.0302375+00:00",
  "publisher": "Ministério da Saúde do Brasil",
  "description": "Municípios brasileiros, entes subnacionais.",
  "immutable": false,
  "compose": {
    "include": [
      {
        "system": "http://www.saude.gov.br/fhir/r4/CodeSystem/BRDivisaoGeograficaBrasil",
        "version": "*",
        "filter": [
          {
            "property": "type",
            "op": "=",
            "value": "city"
          }
        ]
      }
    ]
  }
}