{
  "resourceType": "StructureDefinition",
  "id": "26b68721-2e7f-48a1-84b2-4d71cc9751f5",
  "meta": {
    "lastUpdated": "2021-12-29T08:40:10.279+00:00"
  },
  "language": "pt-BR",
  "url": "http://www.saude.gov.br/fhir/r4/StructureDefinition/BRNacionalidade",
  "version": "1.0",
  "name": "BRNacionalidade",
  "title": "Nacionalidade",
  "status": "active",
  "date": "2021-12-29T08:40:10.279+00:00",
  "publisher": "Ministério da Saúde do Brasil",
  "description": "Extensão para representar uma nacionalidade.",
  "purpose": "Identificar origem, nacionalidade, região etc.",
  "fhirVersion": "4.0.0",
  "kind": "complex-type",
  "abstract": false,
  "context": [
    {
      "type": "element",
      "expression": "Patient"
    }
  ],
  "type": "Extension",
  "baseDefinition": "http://hl7.org/fhir/StructureDefinition/Extension",
  "derivation": "constraint",
  "differential": {
    "element": [
      {
        "id": "Extension",
        "path": "Extension",
        "short": "Nacionalidade"
      },
      {
        "id": "Extension.url",
        "path": "Extension.url",
        "fixedUri": "http://www.saude.gov.br/fhir/r4/StructureDefinition/BRNacionalidade"
      },
      {
        "id": "Extension.value[x]",
        "path": "Extension.value[x]",
        "min": 1,
        "type": [
          {
            "code": "CodeableConcept"
          }
        ],
        "binding": {
          "strength": "required",
          "description": "Nacionalidade",
          "valueSet": "http://www.saude.gov.br/fhir/r4/ValueSet/BRNacionalidade"
        }
      },
      {
        "id": "Extension.value[x].coding",
        "path": "Extension.value[x].coding",
        "min": 1,
        "max": "1"
      },
      {
        "id": "Extension.value[x].coding.system",
        "path": "Extension.value[x].coding.system",
        "min": 1
      },
      {
        "id": "Extension.value[x].coding.code",
        "path": "Extension.value[x].coding.code",
        "min": 1
      },
      {
        "id": "Extension.value[x].coding.display",
        "path": "Extension.value[x].coding.display",
        "max": "0"
      },
      {
        "id": "Extension.value[x].coding.userSelected",
        "path": "Extension.value[x].coding.userSelected",
        "max": "0"
      },
      {
        "id": "Extension.value[x].text",
        "path": "Extension.value[x].text",
        "max": "0"
      }
    ]
  }
}