{
  "resourceType": "StructureDefinition",
  "meta": {
    "lastUpdated": "2020-03-11T04:13:12.682+00:00"
  },
  "language": "pt-BR",
  "url": "http://www.saude.gov.br/fhir/r4/StructureDefinition/BRNomeIndividuo-1.0",
  "version": "1.0",
  "name": "BRNomeIndividuo",
  "title": "Nome de Indivíduos",
  "status": "active",
  "date": "2020-03-11T04:13:12.172535+00:00",
  "publisher": "Ministério da Saúde do Brasil",
  "description": "Padronização de uso de nomes de indivíduo no Brasil.",
  "fhirVersion": "4.0.0",
  "kind": "complex-type",
  "abstract": false,
  "type": "HumanName",
  "baseDefinition": "http://hl7.org/fhir/StructureDefinition/HumanName",
  "derivation": "constraint",
  "differential": {
    "element": [
      {
        "id": "HumanName",
        "path": "HumanName",
        "short": "Nome do Indivíduo",
        "definition": "Nome(s) associado(s) ao indivíduo.",
        "min": 1,
        "mustSupport": true
      },
      {
        "id": "HumanName.use",
        "path": "HumanName.use",
        "short": "Tipo de Nome",
        "definition": "official: nome oficial atual, conforme registrado na certidão de registro civil mais atual do indivíduo.\r\nmaiden: nome oficial de solteiro(a), quando houve uma alteração de nome decorrente de uma união de qualquer tipo.\r\nold: nome oficial anterior, quando houve uma alteração de nome em uma certidão de registro civil ou decisão judicial decorrente de qualquer outra situação que não seja uma união.\r\nusual: nome social.\r\ntemp: nome temporário, como aqueles utilizados em programas de proteção a testemunhas.\r\nanonymous: uso exclusivo para anonimização de registros de indivíudos.",
        "min": 1,
        "mustSupport": true,
        "isModifierReason": "É importante que as aplicações saibam interpretar corretamente o tipo de nome que está sendo utilizado, para dar a tratativa correta ao indivíduo."
      },
      {
        "id": "HumanName.text",
        "path": "HumanName.text",
        "short": "Nome Completo",
        "definition": "Nome completo do indivíduo, composto pelo nome próprio, que pode ser mais de um quando trata-se de um nome composto, pelo sobrenome e pelo sufixo (Filho, Neto, Júnior etc.) quando aplicável.",
        "min": 1,
        "mustSupport": true
      },
      {
        "id": "HumanName.family",
        "path": "HumanName.family",
        "short": "Sobrenome",
        "definition": "O(s) sobrenome(s) do indivíduo, quando é possível coletar esta informação desagregada.",
        "mustSupport": true
      },
      {
        "id": "HumanName.given",
        "path": "HumanName.given",
        "short": "Nome Próprio",
        "definition": "O nome próprio do indivíduo, incluindo todos aqueles que não são o sobrenome no caso de nomes compostos, quando é possível coletar esta informação desagregada.",
        "max": "1",
        "mustSupport": true
      },
      {
        "id": "HumanName.prefix",
        "path": "HumanName.prefix",
        "short": "Prefixo do Nome",
        "definition": "Prefixo do nome tipicamente utilizado quando se adquire títulos acadêmicos (Prof. ou Dr.), estados maritais (Sr., Sra., Srta.) etc., e é possível coletar esta informação.",
        "mustSupport": true
      },
      {
        "id": "HumanName.suffix",
        "path": "HumanName.suffix",
        "short": "Sufixo do Nome",
        "definition": "Sufixo do nome, tipicamente utilizado para identificar a geração do indivíduo (Filho, Neto, Júnior etc.), quando é possível coletar esta informação desagregada.",
        "mustSupport": true
      },
      {
        "id": "HumanName.period",
        "path": "HumanName.period",
        "short": "Período de Uso do Nome",
        "definition": "Indica a data inicial e final do uso do nome.",
        "mustSupport": true
      },
      {
        "id": "HumanName.period.start",
        "path": "HumanName.period.start",
        "short": "Data Inicial",
        "definition": "Quando o uso do nome iniciou.",
        "mustSupport": true
      },
      {
        "id": "HumanName.period.end",
        "path": "HumanName.period.end",
        "short": "Data Final",
        "definition": "Quando o uso do nome terminou.",
        "mustSupport": true
      }
    ]
  }
}