{
  "resourceType": "ValueSet",
  "meta": {
    "lastUpdated": "2020-03-26T13:20:24.501+00:00"
  },
  "language": "pt-BR",
  "url": "http://www.saude.gov.br/fhir/r4/ValueSet/BRNomeExame-1.0",
  "version": "1.0",
  "name": "Nome do Exame",
  "status": "active",
  "experimental": false,
  "date": "2020-03-26T13:20:23.3537413+00:00",
  "publisher": "Ministério da Saúde do Brasil",
  "description": "Classifica o exame laboratorial realizado.",
  "immutable": false,
  "compose": {
    "include": [
      {
        "system": "http://www.saude.gov.br/fhir/r4/CodeSystem/BRNomeExameLOINC",
        "version": "*"
      },
      {
        "system": "http://www.saude.gov.br/fhir/r4/CodeSystem/BRNomeExameGAL",
        "version": "*"
      }
    ]
  }
}