{
  "resourceType": "CodeSystem",
  "id": "56d007e3-e37f-452a-af44-566381bd1deb",
  "meta": {
    "lastUpdated": "2020-04-29T20:29:50.976+00:00"
  },
  "language": "pt-BR",
  "url": "http://www.saude.gov.br/fhir/r4/CodeSystem/BRNomeExameLOINC",
  "version": "20200416",
  "name": "Exames LOINC",
  "status": "active",
  "experimental": false,
  "date": "2020-04-29T20:29:49.3397125+00:00",
  "publisher": "Ministério da Saúde do Brasil",
  "description": "Classifica o exame laboratorial realizado em amostra biológica para diagnóstico laboratorial, de acordo com a terminologia LOINC.",
  "content": "complete",
  "concept": [
    {
      "code": "94306-8",
      "display": "SARS Coronavírus 2 Painel de RNA - Amostra Inespecífica por Amplificação de ácido nucleico com detecção por sonda"
    },
    {
      "code": "94307-6",
      "display": "SARS Coronavírus, [presença de] gene 2 N em amostra não especificada por amplificação de ácido nucleico usando conjunto de sonda / primer N1"
    },
    {
      "code": "94308-4",
      "display": "SARS Coronavírus 2, [presença de] gene N em amostra não especificada, por amplificação de ácido nucleico usando conjunto de sonda / primer N2"
    },
    {
      "code": "94309-2",
      "display": "SARS Coronavírus 2, [presença de] RNA em amostra não especificada, por amplificação do ácido nucleico com detecção por sonda"
    },
    {
      "code": "94310-0",
      "display": "SARS (como) Coronavírus  [Presença de] gene N em Amostra Inespecífica por Amplificação do ácido nucleico com detecção por sonda"
    },
    {
      "code": "94311-8",
      "display": "SARS Coronavírus 2, [limiar de ciclo] de gene N em amostra não especificada por amplificação de ácido nucleico usando conjunto de sonda / primer N1"
    },
    {
      "code": "94312-6",
      "display": "SARS Coronavírus 2, [limiar de ciclo] de gene N em amostra não especificada por amplificação de ácido nucleico usando conjunto de sonda / primer N2"
    },
    {
      "code": "94313-4",
      "display": "SARS (como) Coronavírus [Limiar de ciclo de] gene N em Amostra Inespecífica por Amplificação de ácido nucleico com detecção por sonda"
    },
    {
      "code": "94314-2",
      "display": "SARS Coronavírus 2, [presença de] gene RdRp em amostra não especificada por amplificação do ácido nucleico com detecção por sonda"
    },
    {
      "code": "94315-9",
      "display": "SARS Coronavírus 2, [presença de] gene E em amostra não especificada por amplificação de ácido nucleico com detecção por sonda"
    },
    {
      "code": "94316-7",
      "display": "SARS Coronavírus 2, [presença de] gene N em amostra não especificada por amplificação de ácido nucleico com detecção por sonda"
    },
    {
      "code": "94500-6",
      "display": "SARS Coronavírus 2, [presença de] RNA em amostra respiratória por amplificação do ácido nucleico com detecção por sonda"
    },
    {
      "code": "94502-2",
      "display": "SARS Coronavírus relacionado, [presença de] RNA em amostra respiratória por amplificação do ácido nucleico com detecção por sonda"
    },
    {
      "code": "94503-0",
      "display": "SARS Coronavírus 2 painel -  anticorpos em Soro, Plasma ou Sangue por Imunoensaio rápido"
    },
    {
      "code": "94504-8",
      "display": "SARS Coronavírus 2 painel - anticorpos, Soro ou Plasma por Imunoensaio rápido"
    },
    {
      "code": "94505-5",
      "display": "SARS Coronavírus 2, [dosagem de] anticorpos IgG [Unidades/Volume] em soro ou plasma por imunoensaio"
    },
    {
      "code": "94506-3",
      "display": "SARS Coronavírus 2, [dosagem de] anticorpos IgM [Unidades/Volume] em soro ou plasma por imunoensaio"
    },
    {
      "code": "94507-1",
      "display": "SARS Coronavírus 2, [presença de] anticorpos IgG em soro ou plasma por imunoensaio"
    },
    {
      "code": "94508-9",
      "display": "SARS Coronavírus 2, [presença de] anticorpos IgM em soro ou plasma por imunoensaio"
    },
    {
      "code": "94509-7",
      "display": "SARS Coronavírus 2, [limiar de ciclo de] gene E em amostra não especificada por amplificação do ácido nucleico com detecção por sonda"
    },
    {
      "code": "94510-5",
      "display": "SARS Coronavírus 2, [limiar de ciclo de] gene 2 N em amostra não especificada por amplificação de ácido nucleico com detecção por sonda"
    },
    {
      "code": "94511-3",
      "display": "SARS Coronavírus 2, [limiar de ciclo da] região ORF1ab em amostra não especificada por amplificação de ácido nucleico com detecção por sonda"
    },
    {
      "code": "94531-1",
      "display": "SARS Coronavírus 2 painel RNA - em Amostra respiratória por Amplificação de ácido nucleico com detecção por sonda"
    },
    {
      "code": "94532-9",
      "display": "SARS Coronavírus relacionado + MERS Coronavírus, [presença de] RNA em amostra respiratória por amplificação do ácido nucleico com detecção por sonda"
    },
    {
      "code": "94533-7",
      "display": "SARS Coronavírus 2, [presença de] gene N em amostra respiratória por amplificação do ácido nucleico com detecção por sonda"
    },
    {
      "code": "94534-5",
      "display": "SARS Coronavírus 2, [presença de] gene RdRp em amostra respiratória por amplificação do ácido nucleico com detecção por sonda"
    },
    {
      "code": "94547-7",
      "display": "SARS Coronavírus 2, [presença de] anticorpos IgG e IgM em soro ou plasma por imunoensaio"
    },
    {
      "code": "94558-4",
      "display": "SARS Coronavírus 2, [presença de] antígenos Ag em amostra respiratória por imunoensaio rápido"
    },
    {
      "code": "94559-2",
      "display": "SARS Coronavírus 2, [presença de] gene da regição ORF1ab em amostra respiratória por amplificação do ácido nucléico com detecção por sonda"
    },
    {
      "code": "94562-6",
      "display": "SARS Coronavírus 2, [presença de] anticorpos IgA Ab em soro ou plasma por imunoensaio"
    },
    {
      "code": "94563-4",
      "display": "SARS Coronavírus 2, [presença de] anticorpos IgG Ab em soro ou plasma por imunoensaio"
    },
    {
      "code": "94564-2",
      "display": "SARS Coronavírus 2, [presença de] anticorpos IgM Ab em soro ou plasma por imunoensaio"
    },
    {
      "code": "94565-9",
      "display": "SARS Coronavírus 2, [presença de] DNA em rinofaringe por NAA por detecção sem sonda"
    },
    {
      "code": "94639-2",
      "display": "SARS Coronavírus 2 [Presença de] região anticorpos ORF1 em Amostra Inespecífica por Amplificação de ácido nucleico com detecção por sonda"
    },
    {
      "code": "94640-0",
      "display": "SARS Coronavírus 2 [Presença de] gene S em Amostra respiratória por Amplificação de ácido nucleico com detecção por sonda"
    },
    {
      "code": "94641-8",
      "display": "SARS Coronavírus 2 [Presença de] gene S em Amostra Inespecífica por Amplificação de ácido nucleico com detecção por sonda"
    },
    {
      "code": "94642-6",
      "display": "SARS Coronavírus 2 [Limiar de ciclo de] gene S em Amostra respiratória por Amplificação de ácido nucleico com detecção por sonda"
    },
    {
      "code": "94643-4",
      "display": "SARS Coronavírus 2 [Limiar de ciclo de] gene S em Amostra Inespecífica por Amplificação de ácido nucleico com detecção por sonda"
    },
    {
      "code": "94644-2",
      "display": "SARS Coronavírus 2 [Limiar de ciclo de] região anticorpos ORF1 em Amostra respiratória por Amplificação do ácido nucleico"
    },
    {
      "code": "94645-9",
      "display": "SARS Coronavírus 2 [Limiar de ciclo de] gene RdRp em Amostra Inespecífica por Amplificação de ácido nucleico com detecção por sonda"
    },
    {
      "code": "94646-7",
      "display": "SARS Coronavírus 2 [Limiar de ciclo de] gene RdRp em Amostra respiratória por Amplificação do ácido nucleico"
    },
    {
      "code": "94647-5",
      "display": "SARS Coronavírus relacionado [Presença de] RNA em Amosta Inespecífica por Amplificação de ácido nucleico com detecção por sonda"
    },
    {
      "code": "94660-8",
      "display": "SARS Coronavírus 2 [Presença de] em Soro ou Plasma por Amplificação de ácido nucleico com detecção por sonda"
    },
    {
      "code": "94661-6",
      "display": "SARS Coronavírus 2 [Interpretação de] anticorpos em Soro ou Plasma"
    },
    {
      "code": "94720-0",
      "display": "SARS Coronavírus 2 [dosagem de] anticorpos IgA em Soro ou Plasma por Imunoensaio"
    },
    {
      "code": "94745-7",
      "display": "SARS Coronavírus 2 [Limiar de ciclo de] RNA em Amostra respiratória por Amplificação do ácido nucleico"
    },
    {
      "code": "94746-5",
      "display": "SARS Coronavírus 2 [Limiar de ciclo de] RNA em Amostra Inespecífica por Amplificação do ácido nucleico com detecção por sonda"
    },
    {
      "code": "94756-4",
      "display": "SARS Coronavírus 2 [Presença de] gene N em Amostra respiratória por Amplificação do ácido nucleido usando sonda primer set N1"
    },
    {
      "code": "94757-2",
      "display": "SARS Coronavírus 2 [Presença de] gene N em Amostra respiratória por Amplificação do ácido nucleico usando sonda primer set N2"
    },
    {
      "code": "94758-0",
      "display": "SARS Coronavírus relacionado [Presença de] gene E em Amostra respiratória por Amplificação de ácido nucleico com detecção por sonda"
    },
    {
      "code": "94759-8",
      "display": "SARS Coronavírus 2 [Presença de] RNA em Nasofaringe por Amplificação de ácido nucleico com detecção por sonda"
    },
    {
      "code": "94760-6",
      "display": "SARS Coronavírus 2 [Presença de] gene N em Nasofaringe por Amplificação de ácido nucleico com detecção por sonda"
    },
    {
      "code": "94761-4",
      "display": "SARS Coronavírus 2 [Presença de] anticorpos IgG em teste em Amostra de sangue seco por Imunoensaio"
    },
    {
      "code": "94762-2",
      "display": "SARS Coronavírus 2 [Presença de] anticorpos em Soro ou Plasma por Imunoensaio"
    },
    {
      "code": "94763-0",
      "display": "SARS Coronavírus 2 [Presença de] em Amostra não específica por cultura em organismo específico"
    },
    {
      "code": "94764-8",
      "display": "SARS Coronavírus 2 [sequência de bases] genôma inteiro em isolado por sequenciamento"
    },
    {
      "code": "94765-5",
      "display": "SARS Coronavírus relacionado [Presença de] gene E em Soro ou Plasma por Amplificação de ácido nucleico com detecção por sonda"
    },
    {
      "code": "94766-3",
      "display": "SARS Coronavírus 2 [Presença de] gene N em Soro ou Plasma por Amplificação de ácido nucleico com detecção por sonda"
    },
    {
      "code": "94767-1",
      "display": "SARS Coronavírus 2 [Presença de] gene S em Soro ou Plasma por Amplificação de ácido nucleico com detecção por sonda"
    },
    {
      "code": "94768-9",
      "display": "SARS Coronavírus 2 [Presença de] anticorpos IgA em Soro Plasma ou Sangue por Imunoensaio rápido"
    },
    {
      "code": "94769-7",
      "display": "SARS Coronavírus 2 [dosagem de] anticorpos em Soro ou Plasma por Imunoensaio"
    },
    {
      "code": "94819-0",
      "display": "SARS Coronavírus 2 [dosagem de] (carga viral) RNA em Amostra Inespecífica por Amplificação do ácido nucleico com detecção por sonda"
    },
    {
      "code": "94822-4",
      "display": "SARS Coronavírus 2 [Presença de] RNA em Saliva (fluido oral) por sequenciamento"
    },
    {
      "code": "94845-5",
      "display": "SARS Coronavírus 2 [Presença de] RNA em Saliva (fluido oral) por Amplificação de ácido nucleico com detecção por sonda"
    },
    {
      "code": "95125-1",
      "display": "SARS Coronavírus 2  [Presença de] IgA+IgM em Soro ou Plasma por Imunoensaio"
    },
    {
      "code": "95209-3",
      "display": "SARS Coronavírus + SARS Coronavírus 2 [Presença de] antígeno em Amostra respiratória por Imunoensaio rápido"
    },
    {
      "code": "95380-2",
      "display": "Vírus da Influenza A e B e SARS Coronavírus 2 e SARS Coronavírus relacionado painel de RNA por Amplificação do ácido nucleico com detecção por sonda"
    },
    {
      "code": "95406-5",
      "display": "SARS Coronavírus 2, [Presença de] RNA no Nariz por Amplificação de ácido nucléico com detecção por sonda"
    },
    {
      "code": "95409-9",
      "display": "SARS Coronavírus 2, [Presença de] gene N em Nariz por  Amplificação de ácido nucleico com detecção por sonda"
    },
    {
      "code": "95410-7",
      "display": "SARS Coronavírus 2, [Concentração de] neutralização de anticorpos em Soro por teste de neutralização de pseudovírus"
    },
    {
      "code": "95411-5",
      "display": "SARS Coronavírus 2, [Presença de] neutralização de anticorpos em Soro por teste de neutralização de pseudovírus"
    },
    {
      "code": "95416-4",
      "display": "SARS Coronavírus 2, [Presença de] anticorpos IgM teste em Amostra de Sangue seco por Imunoensaio"
    },
    {
      "code": "95422-2",
      "display": "Vírus da Influenza A e B RNA e SARS Coronavírus 2 painel de gene N - Amostra respiratória por Amplificação do ácido nucleico com detecção por sonda"
    },
    {
      "code": "95423-0",
      "display": "Vírus da Influenza A e B e SARS Coronavírus 2 identificado em  Amostra respiratória por Amplificação do ácido nucleico com detecção por sonda"
    },
    {
      "code": "95424-8",
      "display": "SARS Coronavírus 2 [Presença de] RNA em Amostra respiratória por sequenciamento"
    },
    {
      "code": "95425-5",
      "display": "SARS Coronavírus 2 [Presença de] gene N em Saliva (fluido oral) por Amplificação de ácido nucleico com detecção por sonda"
    },
    {
      "code": "95427-1",
      "display": "SARS Coronavírus 2 [Concentração de] anticorpos IgA em Soro ou Plasma por imunofluorescência"
    },
    {
      "code": "95428-9",
      "display": "SARS Coronavírus 2 [Concentração de] anticorpos IgM em Soro ou Plasma por imunofluorescência"
    },
    {
      "code": "95429-7",
      "display": "SARS Coronavírus 2 [Concentração de] anticorpos IgG em Soro ou Plasma por imunofluorescência"
    },
    {
      "code": "95521-1",
      "display": "SARS Coronavírus 2 [#/volume] (carga viral) gene N em Amostra respiratória por Amplificação do ácido nucleico com detecção por sonda"
    },
    {
      "code": "95522-9",
      "display": "SARS Coronavírus 2 [dosagem de] (carga viral ) gene N em Amostra respiratória por Amplificação do ácido nucleico com detecção por sonda"
    },
    {
      "code": "95542-7",
      "display": "SARS Coronavírus 2 anticorposs IgG+IgM [Presença de] em Soro Plasma ou Sangue por Imunoensaio rápido"
    },
    {
      "code": "95680-6",
      "display": "SARS Coronavírus 2  [Presença de] RNA em amostra respiraória por Amplificação de ácido nucleico com detecção sem sonda"
    },
    {
      "code": "95609-4",
      "display": "SARS Coronavírus 2 [Presença de] gene S em amostra respiratória por sequenciação"
    },
    {
      "code": "95823-1",
      "display": "SARS Coronavírus relacionado [Presença de] gene E em Saliva (fluido oral) por Amplificação de àcido nucleico com detecção por sonda"
    },
    {
      "code": "95824-9",
      "display": "SARS Coronavírus 2 [Presença de] região anticorpos ORF1 em Saliva (fluido oral) por Amplificação de ácido nucléico com detecção por sonda"
    },
    {
      "code": "95825-6",
      "display": "SARS Coronavírus 2 [Presença de] anticorpos em Amostra de Sangue seco por Imunoensaio"
    },
    {
      "code": "95826-4",
      "display": "SARS Coronavírus 2 painel de RNA - Saliva (fluido oral) por Amplificação de ácido nucleico com detecção por sonda"
    },
    {
      "code": "95941-1",
      "display": "Vírus da Influenza A e B e SARS Coronavírus 2 e Vírus sinciciais respiratórios painel de RNA - Amostra respiratória por Amplificação de ácido nucleico com detecção por sonda"
    },
    {
      "code": "95942-9",
      "display": "Vírus da Influenza A e B e SARS Coronavírus + SARS Coronavírus 2 painel de antígeno - Amostra de trato respiratório superior por Imunoensaio rápido"
    },
    {
      "code": "95970-0",
      "display": "SARS Coronavírus 2 rearranjos específicos de genes de células T de receptor beta [Presença de] em sangue por sequenciamento"
    },
    {
      "code": "95971-8",
      "display": "SARS Coronavírus 2 estimulado por interferon gama [Presença de] em sangue"
    },
    {
      "code": "95972-6",
      "display": "SARS Coronavírus 2 estimulado por  interferon gama liberação por células T [Unidades/Volumes] corrigido para fundo em sangue"
    },
    {
      "code": "95973-4",
      "display": "SARS Coronavírus 2 estimulado por interferon gama liberação por células T (Unidades/Volume] em sangue"
    },
    {
      "code": "95974-2",
      "display": "SARS Coronavírus 2 estimulado por interferon gama painel - Sangue"
    },
    {
      "code": "96091-4",
      "display": "SARS Coronavírus 2 gene RdRp [Presença de] em saliva (fluído oral) por Amostra respiratória por Amplificação de ácido nucleico com detecção por sonda"
    },
    {
      "code": "96094-8",
      "display": "SARS Coronavírus 2 e SARS Coronavírus relacionado painel de RNA - Amostra respiratória por Amplificação de ácido nucleico com detecção por sonda"
    },
    {
      "code": "96118-5",
      "display": "SARS Coronavírus 2 painel de anticorpos -  Amostra de sangue seco por Imunoensaio"
    },
    {
      "code": "96119-3",
      "display": "SARS Coronavírus 2 antígenos [Presença de] Amostra de trato respiratório superior por Imunoensaio"
    },
    {
      "code": "96120-1",
      "display": "SARS Coronavírus 2 gene RdRp [Presença de] em Amostra de trato respiratório inferior por Amplificação de ácido nucleico com detecção por sonda"
    },
    {
      "code": "96121-9",
      "display": "SARS Coronavírus relacionado gene E [Presença de] em Amostra de trato respiratório inferior por Amplificação de ácido nucleico com detecção por sonda"
    },
    {
      "code": "96122-7",
      "display": "SARS Coronavírus relacionado gene E [Presença de] em Amostra de trato respiratório superior por Amplificação de ácido nucleico com detecção por sonda"
    },
    {
      "code": "96123-5",
      "display": "SARS Coronavírus 2 gene RdRp [Presença de] em Amostra de trato respiratório superior por Amplificação de ácido nucleico com detecção por sonda"
    },
    {
      "code": "96448-6",
      "display": "SARS Coronavírus 2 gene N [Presença de] em saliva (fluído oral) por amplicação de ácido nucleico usando sonda primer set N1"
    },
    {
      "code": "96603-6",
      "display": "SARS Coronavírus 2 proteína S domínio de ligação ao RNA anticorpo neutralizante [Presença] em soro ou plasma por imunonensaio"
    },
    {
      "code": "96741-4",
      "display": "SARS Coronavírus 2 variante [Tipo] em espécie por sequenciação"
    },
    {
      "code": "96742-2",
      "display": "SARS Coronavírus 2 anticorpos IgG [Massa/Volume] em soro ou plasma por imunoensaio"
    },
    {
      "code": "96751-3",
      "display": "SARS Coronavírus 2 gene S mutação detectada [Identificador] em specime por método genética molecular"
    },
    {
      "code": "96752-1",
      "display": "SARS Coronavírus 2 gene S mutação detectada [Presença de] em amostra por método genética molecular"
    },
    {
      "code": "96763-8",
      "display": "SARS Coronavírus 2 gene E [Presença] em amostra respiratória por Amplificação de ácido nucléico com detecção por sonda"
    },
    {
      "code": "96764-6",
      "display": "SARS Coronavírus 2 gene E [Limiar de ciclo #] em Amostra respiratória por Amplificação de ácido nucleico com detecção por sonda"
    },
    {
      "code": "96765-3",
      "display": "SARS Coronavírus 2 gene S [Presença] em saliva (fluído oral) por Amplificação de ácido nucleico com detecção por sonda"
    },
    {
      "code": "96766-1",
      "display": "Sequencia GISAID número de registro"
    }
  ]
}