{
  "resourceType": "StructureDefinition",
  "id": "c8f43e8f-28c7-4872-9aa1-1405d22f0f51",
  "meta": {
    "lastUpdated": "2020-03-13T16:47:48.012+00:00"
  },
  "language": "pt-BR",
  "url": "http://www.saude.gov.br/fhir/r4/StructureDefinition/BROcupacao-1.0",
  "version": "1.0",
  "name": "BROcupacao",
  "title": "Ocupação",
  "status": "active",
  "date": "2020-03-13T16:48:11.5337086+00:00",
  "publisher": "Ministério da Saúde do Brasil",
  "fhirVersion": "4.0.0",
  "kind": "complex-type",
  "abstract": false,
  "context": [
    {
      "type": "element",
      "expression": "Encounter.participant"
    }
  ],
  "type": "Extension",
  "baseDefinition": "http://hl7.org/fhir/StructureDefinition/Extension",
  "derivation": "constraint",
  "differential": {
    "element": [
      {
        "id": "Extension",
        "path": "Extension",
        "short": "Ocupação",
        "definition": "Extensão para identificar ocupações."
      },
      {
        "id": "Extension.url",
        "path": "Extension.url",
        "fixedUri": "http://www.saude.gov.br/fhir/r4/StructureDefinition/BROcupacao-1.0"
      },
      {
        "id": "Extension.value[x]",
        "path": "Extension.value[x]",
        "min": 1,
        "type": [
          {
            "code": "CodeableConcept"
          }
        ],
        "binding": {
          "strength": "required",
          "description": "Ocupação",
          "valueSet": "http://www.saude.gov.br/fhir/r4/ValueSet/BROcupacao-1.0"
        }
      },
      {
        "id": "Extension.value[x].coding",
        "path": "Extension.value[x].coding",
        "min": 1,
        "max": "1"
      },
      {
        "id": "Extension.value[x].coding.system",
        "path": "Extension.value[x].coding.system",
        "min": 1
      },
      {
        "id": "Extension.value[x].coding.code",
        "path": "Extension.value[x].coding.code",
        "min": 1
      },
      {
        "id": "Extension.value[x].coding.display",
        "path": "Extension.value[x].coding.display",
        "max": "0"
      },
      {
        "id": "Extension.value[x].coding.userSelected",
        "path": "Extension.value[x].coding.userSelected",
        "max": "0"
      },
      {
        "id": "Extension.value[x].text",
        "path": "Extension.value[x].text",
        "max": "0"
      }
    ]
  }
}