{
  "resourceType": "ValueSet",
  "meta": {
    "lastUpdated": "2020-03-12T13:22:38.170+00:00"
  },
  "language": "pt-BR",
  "url": "http://www.saude.gov.br/fhir/r4/ValueSet/BROrgaoExpedidor-1.0",
  "version": "1.0",
  "name": "Órgão Expedidor",
  "status": "active",
  "experimental": false,
  "date": "2020-03-12T13:22:37.450287+00:00",
  "publisher": "Ministério da Saúde do Brasil",
  "description": "Lista de órgãos responsáveis por expedir documentos no Brasil.",
  "immutable": false,
  "compose": {
    "include": [
      {
        "system": "http://www.saude.gov.br/fhir/r4/CodeSystem/BROrgaoExpedidor",
        "version": "*"
      }
    ]
  }
}