{
  "resourceType": "CodeSystem",
  "meta": {
    "lastUpdated": "2020-03-11T18:19:26.425+00:00"
  },
  "language": "pt-BR",
  "url": "http://www.saude.gov.br/fhir/r4/CodeSystem/BROrgaoExpedidor",
  "version": "201701A",
  "name": "Órgão Expedidor",
  "status": "active",
  "experimental": false,
  "date": "2020-03-11T18:19:46.5824974+00:00",
  "publisher": "Ministério da Saúde do Brasil",
  "description": "Órgãos responsáveis por expedir documentos no Brasil.",
  "content": "complete",
  "concept": [
    {
      "code": "RFB",
      "display": "Receita Federal do Brasil"
    },
    {
      "code": "COREN",
      "display": "Conselho Regional de Enfermagem (COREn)"
    },
    {
      "code": "CRM",
      "display": "Conselho Regional de Medicina (CRM)"
    },
    {
      "code": "CRO",
      "display": "Conselho Regional de Odontologia (CRO)"
    },
    {
      "code": "CRA",
      "display": "Conselho Regional de Administração (CRA)"
    },
    {
      "code": "CRESS",
      "display": "Conselho Regional de Serviço Social (CRESS)"
    },
    {
      "code": "CRB",
      "display": "Conselho Regional de Biblioteconomia (CRB)"
    },
    {
      "code": "CRC",
      "display": "Conselho Regional de Contabilidade (CRC)"
    },
    {
      "code": "CRECI",
      "display": "Conselho Regional de Corretores de Imóveis (CRECI)"
    },
    {
      "code": "CORECON",
      "display": "Conselho Regional de Economia (CORECON)"
    },
    {
      "code": "CREA",
      "display": "Conselho Regional de Engenharia e Agronomia (CREA)"
    },
    {
      "code": "CONFRE",
      "display": "Conselho Regional de Estatística (CONRE)"
    },
    {
      "code": "CRF",
      "display": "Conselho Regional de Farmácia (CRF)"
    },
    {
      "code": "CREFITO",
      "display": "Conselho Regional de Fisioterapia e Terapia Ocupacional (CREFITO)"
    },
    {
      "code": "CRMV",
      "display": "Conselho Regional de Medicina Veterinária (CRMV)"
    },
    {
      "code": "CRN",
      "display": "Conselho Regional de Nutrição (CRN)"
    },
    {
      "code": "CONRERP",
      "display": "Conselho Regional de Reçações Públicas (CONRERP)"
    },
    {
      "code": "CRP",
      "display": "Conselho Regional de Psicologia (CRP)"
    },
    {
      "code": "CRQ",
      "display": "Conselho Regional de Química (CRQ)"
    },
    {
      "code": "CORE",
      "display": "Conselho Regional de Representantes Comerciais (CORE)"
    },
    {
      "code": "CREF",
      "display": "Conselho Regional de Educação Física (CREF)"
    },
    {
      "code": "CAU",
      "display": "Conselho Regional de Arquitetura e Urbanismo (CAU)"
    },
    {
      "code": "CRBIO",
      "display": "Conselho Regional de Biologia (CRBio)"
    },
    {
      "code": "CRBM",
      "display": "Conselho Regional de Biomedicina (CRBM)"
    },
    {
      "code": "CRBM",
      "display": "Conselho Regional de Biomedicina (CRBM)"
    },
    {
      "code": "CRFA",
      "display": "Conselho Regional de Fonoaudiologia (CRFa/CREFONO)"
    },
    {
      "code": "CRTR",
      "display": "Conselho Regional de Técnicos em Radiologia (CRTR)"
    },
    {
      "code": "CRT",
      "display": "Conselho Regional dos Técnicos Industriais (CRT)"
    },
    {
      "code": "OAB",
      "display": "Ordem dos Advogados do BRAasil (OAB)"
    },
    {
      "code": "EB",
      "display": "Exército Brasileiro"
    },
    {
      "code": "FAB",
      "display": "Força Aérea Brasileira"
    },
    {
      "code": "MB",
      "display": "Marinha do Brasil"
    },
    {
      "code": "PM",
      "display": "Polícia Militar"
    },
    {
      "code": "CBM",
      "display": "Corpo de Bombeiros Militar"
    },
    {
      "code": "SSP",
      "display": "Serviço de Segurança Pública"
    },
    {
      "code": "II",
      "display": "Instituto de Identificação"
    },
    {
      "code": "PCE",
      "display": "Polícia Civil do Estado"
    },
    {
      "code": "PF",
      "display": "Polícia Federal"
    },
    {
      "code": "DETRAN",
      "display": "Departamento Estadual de Trânsito"
    },
    {
      "code": "MS",
      "display": "Ministério da Saúde"
    },
    {
      "code": "MC",
      "display": "Ministério da Cidadania"
    },
    {
      "code": "CARTORIO",
      "display": "Cartório de Registro Civil"
    },
    {
      "code": "other",
      "display": "Outro órgão não listado"
    }
  ]
}