{
  "resourceType": "StructureDefinition",
  "meta": {
    "lastUpdated": "2020-03-11T02:17:02.374+00:00"
  },
  "language": "pt-BR",
  "url": "http://www.saude.gov.br/fhir/r4/StructureDefinition/BRPessoaJuridicaProfissionalLiberal-1.0",
  "version": "1.0",
  "name": "BRPessoaJuridicaProfissionalLiberal",
  "title": "Pessoa Jurídica e Profissional Liberal",
  "status": "active",
  "date": "2020-03-11T02:17:01.8709644+00:00",
  "publisher": "Ministério da Saúde do Brasil",
  "description": "Pessoa jurídica identificada no âmbito da Receita Federal do Brasil pelo Cadastro Nacional da Pessoa Jurídica (CNPJ) ou profissional liberal identificado pelo Cadastro de Pessoas Físicas (CPF).",
  "purpose": "No Brasil, em especial no sistema de saúde, os serviços podem ser de propriedade de uma Pessoa Jurídica (administração pública, entidades empresariais, entidades sem fins lucrativos ou organizações internacionais e outras instituições extraterritoriais) ou de uma Pesoa Física (profissional liberal). Este perfil tem a finalidade de permitir essa identificação.",
  "fhirVersion": "4.0.0",
  "kind": "resource",
  "abstract": false,
  "type": "Organization",
  "baseDefinition": "http://hl7.org/fhir/StructureDefinition/Organization",
  "derivation": "constraint",
  "differential": {
    "element": [
      {
        "id": "Organization",
        "path": "Organization",
        "short": "Pessoa Jurídica e Profissional Liberal",
        "definition": "Pessoa jurídica identificada no âmbito da Receita Federal do Brasil pelo Cadastro Nacional da Pessoa Jurídica (CNPJ) ou profissional liberal identificado pelo Cadastro de Pessoas Físicas (CPF).",
        "mustSupport": true
      },
      {
        "id": "Organization.identifier",
        "path": "Organization.identifier",
        "max": "0"
      },
      {
        "id": "Organization.active",
        "path": "Organization.active",
        "short": "Pessoa Jurídica Ativa",
        "definition": "Se a Pessoa Jurídia ainda está ativa.",
        "min": 1,
        "mustSupport": true
      },
      {
        "id": "Organization.type",
        "path": "Organization.type",
        "short": "Natureza Jurídica",
        "definition": "Identifica a constituição jurídico-institucional das entidades públicas e privadas nos cadastros da administração pública do Brasil.",
        "min": 1,
        "max": "1",
        "mustSupport": true,
        "binding": {
          "strength": "required",
          "description": "Natureza Jurídica",
          "valueSet": "http://www.saude.gov.br/fhir/r4/ValueSet/BRNaturezaJuridica-1.0"
        }
      },
      {
        "id": "Organization.type.coding",
        "path": "Organization.type.coding",
        "min": 1,
        "max": "1"
      },
      {
        "id": "Organization.type.coding.system",
        "path": "Organization.type.coding.system",
        "min": 1
      },
      {
        "id": "Organization.type.coding.code",
        "path": "Organization.type.coding.code",
        "min": 1
      },
      {
        "id": "Organization.type.coding.display",
        "path": "Organization.type.coding.display",
        "max": "0"
      },
      {
        "id": "Organization.type.coding.userSelected",
        "path": "Organization.type.coding.userSelected",
        "max": "0"
      },
      {
        "id": "Organization.type.text",
        "path": "Organization.type.text",
        "max": "0"
      },
      {
        "id": "Organization.name",
        "path": "Organization.name",
        "short": "Nome",
        "definition": "Nome empresarial da Pessoa Jurídica.",
        "min": 1,
        "mustSupport": true
      },
      {
        "id": "Organization.alias",
        "path": "Organization.alias",
        "short": "Nome Fantasia",
        "definition": "Nome fantasia da Pessoa Jurídica.",
        "max": "1",
        "mustSupport": true
      },
      {
        "id": "Organization.telecom",
        "path": "Organization.telecom",
        "max": "0"
      },
      {
        "id": "Organization.address",
        "path": "Organization.address",
        "max": "0"
      },
      {
        "id": "Organization.partOf",
        "path": "Organization.partOf",
        "max": "0"
      },
      {
        "id": "Organization.contact",
        "path": "Organization.contact",
        "max": "0"
      },
      {
        "id": "Organization.endpoint",
        "path": "Organization.endpoint",
        "max": "0"
      }
    ]
  }
}