{
  "resourceType": "StructureDefinition",
  "meta": {
    "lastUpdated": "2020-03-13T19:28:20.270+00:00"
  },
  "language": "pt-BR",
  "url": "http://www.saude.gov.br/fhir/r4/StructureDefinition/BRQualidadeCadastroIndividuo-1.0",
  "version": "1.0",
  "name": "BRQualidadeCadastroIndividuo",
  "title": "Qualidade do Cadastro do Indivíduo",
  "status": "active",
  "date": "2020-03-13T19:28:41.6812754+00:00",
  "publisher": "Ministério da Saúde do Brasil",
  "description": "Grau de qualidade de um registro de um indivíduo, vai de 0 até 100.",
  "purpose": "Necessário para qualificar o grau de completude de um registro.",
  "fhirVersion": "4.0.0",
  "kind": "complex-type",
  "abstract": false,
  "context": [
    {
      "type": "element",
      "expression": "Patient"
    }
  ],
  "type": "Extension",
  "baseDefinition": "http://hl7.org/fhir/StructureDefinition/Extension",
  "derivation": "constraint",
  "differential": {
    "element": [
      {
        "id": "Extension",
        "path": "Extension",
        "short": "Qualidade do Cadastro do Indivíduo",
        "definition": "Grau de qualidade do registro do indivíduo.",
        "max": "1"
      },
      {
        "id": "Extension.url",
        "path": "Extension.url",
        "type": [
          {
            "code": "uri"
          }
        ],
        "fixedUri": "http://www.saude.gov.br/fhir/r4/StructureDefinition/BRQualidadeCadastroIndividuo-1.0"
      },
      {
        "id": "Extension.value[x]",
        "path": "Extension.value[x]",
        "min": 1,
        "type": [
          {
            "code": "positiveInt"
          }
        ]
      }
    ]
  }
}