{
  "resourceType": "StructureDefinition",
  "id": "0d945af8-3a09-4663-8ce2-0e4175d5cb09",
  "meta": {
    "lastUpdated": "2020-03-13T19:47:18.613+00:00"
  },
  "language": "pt-BR",
  "url": "http://www.saude.gov.br/fhir/r4/StructureDefinition/BRRacaCorEtnia-1.0",
  "version": "1.0",
  "name": "BRRacaCorEtnia",
  "title": "Raça/Cor e Etnina",
  "status": "active",
  "date": "2020-03-13T19:47:42.7344057+00:00",
  "publisher": "Datasus",
  "description": "Extensão para para representar dados relacionados à raça/cor e etnia de um indivíduo.",
  "fhirVersion": "4.0.0",
  "kind": "complex-type",
  "abstract": false,
  "context": [
    {
      "type": "element",
      "expression": "Patient"
    }
  ],
  "type": "Extension",
  "baseDefinition": "http://hl7.org/fhir/StructureDefinition/Extension",
  "derivation": "constraint",
  "differential": {
    "element": [
      {
        "id": "Extension",
        "path": "Extension",
        "short": "Raça/Cor e Etnia",
        "definition": "Dados relacionados à raça/cor e etnia de um indivíduo.",
        "alias": [
          "raça",
          "etnia",
          "cor",
          "cútis"
        ],
        "max": "1"
      },
      {
        "id": "Extension.extension",
        "path": "Extension.extension",
        "slicing": {
          "discriminator": [
            {
              "type": "value",
              "path": "url"
            }
          ],
          "rules": "open"
        }
      },
      {
        "id": "Extension.extension:race",
        "path": "Extension.extension",
        "sliceName": "race",
        "short": "Raça/Cor",
        "definition": "Raça ou cor autorreferenciada por um indivíduo.",
        "min": 1,
        "max": "1",
        "binding": {
          "strength": "required",
          "description": "Raça/Cor",
          "valueSet": "http://www.saude.gov.br/fhir/r4/ValueSet/BRRacaCor-1.0"
        }
      },
      {
        "id": "Extension.extension:race.url",
        "path": "Extension.extension.url",
        "type": [
          {
            "code": "uri"
          }
        ],
        "fixedUri": "race"
      },
      {
        "id": "Extension.extension:race.value[x]",
        "path": "Extension.extension.value[x]",
        "min": 1,
        "type": [
          {
            "code": "CodeableConcept"
          }
        ]
      },
      {
        "id": "Extension.extension:race.value[x].coding",
        "path": "Extension.extension.value[x].coding",
        "min": 1,
        "max": "1"
      },
      {
        "id": "Extension.extension:race.value[x].coding.system",
        "path": "Extension.extension.value[x].coding.system",
        "min": 1
      },
      {
        "id": "Extension.extension:race.value[x].coding.code",
        "path": "Extension.extension.value[x].coding.code",
        "min": 1
      },
      {
        "id": "Extension.extension:race.value[x].coding.display",
        "path": "Extension.extension.value[x].coding.display",
        "max": "0"
      },
      {
        "id": "Extension.extension:race.value[x].coding.userSelected",
        "path": "Extension.extension.value[x].coding.userSelected",
        "max": "0"
      },
      {
        "id": "Extension.extension:race.value[x].text",
        "path": "Extension.extension.value[x].text",
        "max": "0"
      },
      {
        "id": "Extension.extension:indigenousEthnicity",
        "path": "Extension.extension",
        "sliceName": "indigenousEthnicity",
        "short": "Etnia Indígena",
        "definition": "Etnia indígena atribuída a um indivíduo",
        "max": "1",
        "binding": {
          "strength": "required",
          "description": "Etnia Indígena",
          "valueSet": "http://www.saude.gov.br/fhir/r4/ValueSet/BREtniaIndigena-1.0"
        }
      },
      {
        "id": "Extension.extension:indigenousEthnicity.url",
        "path": "Extension.extension.url",
        "fixedUri": "indigenousEthnicity"
      },
      {
        "id": "Extension.extension:indigenousEthnicity.value[x]",
        "path": "Extension.extension.value[x]",
        "min": 1,
        "type": [
          {
            "code": "CodeableConcept"
          }
        ]
      },
      {
        "id": "Extension.extension:indigenousEthnicity.value[x].coding",
        "path": "Extension.extension.value[x].coding",
        "min": 1,
        "max": "1"
      },
      {
        "id": "Extension.extension:indigenousEthnicity.value[x].coding.system",
        "path": "Extension.extension.value[x].coding.system",
        "min": 1
      },
      {
        "id": "Extension.extension:indigenousEthnicity.value[x].coding.code",
        "path": "Extension.extension.value[x].coding.code",
        "min": 1
      },
      {
        "id": "Extension.extension:indigenousEthnicity.value[x].coding.display",
        "path": "Extension.extension.value[x].coding.display",
        "max": "0"
      },
      {
        "id": "Extension.extension:indigenousEthnicity.value[x].coding.userSelected",
        "path": "Extension.extension.value[x].coding.userSelected",
        "max": "0"
      },
      {
        "id": "Extension.extension:indigenousEthnicity.value[x].text",
        "path": "Extension.extension.value[x].text",
        "max": "0"
      },
      {
        "id": "Extension.url",
        "path": "Extension.url",
        "type": [
          {
            "code": "uri"
          }
        ],
        "fixedUri": "http://www.saude.gov.br/fhir/r4/StructureDefinition/BRRacaCorEtnia-1.0"
      },
      {
        "id": "Extension.value[x]",
        "path": "Extension.value[x]",
        "max": "0"
      }
    ]
  }
}