{
  "resourceType": "CodeSystem",
  "meta": {
    "lastUpdated": "2021-08-06T14:00:12.538+00:00"
  },
  "language": "pt-BR",
  "url": "http://www.saude.gov.br/fhir/r4/CodeSystem/BRRacaCor",
  "version": "201701A",
  "name": "Raça/Cor",
  "status": "active",
  "experimental": false,
  "date": "2020-03-11T18:20:40.0457007+00:00",
  "publisher": "Ministério da Saúde do Brasil",
  "description": "Códigos para representação de raça/cor.",
  "content": "complete",
  "concept": [
    {
      "code": "01",
      "display": "Branca"
    },
    {
      "code": "02",
      "display": "Preta"
    },
    {
      "code": "03",
      "display": "Parda"
    },
    {
      "code": "04",
      "display": "Amarela"
    },
    {
      "code": "05",
      "display": "Indígena"
    },
    {
      "code": "99",
      "display": "Sem informação"
    }
  ]
}