{
  "resourceType": "StructureDefinition",
  "url": "http://www.saude.gov.br/fhir/r4/StructureDefinition/BRRegistroPrescricaoMedicamento",
  "version": "01.00",
  "name": "BRRegistroPrescricaoMedicamento",
  "title": "Registro de Prescrição de Medicamento",
  "status": "draft",
  "fhirVersion": "4.0.1",
  "kind": "resource",
  "abstract": false,
  "type": "Composition",
  "baseDefinition": "http://hl7.org/fhir/StructureDefinition/Composition",
  "derivation": "constraint",
  "differential": {
    "element": [
      {
        "id": "Composition.identifier",
        "path": "Composition.identifier",
        "max": "0"
      },
      {
        "id": "Composition.type.coding",
        "path": "Composition.type.coding",
        "min": 1,
        "max": "1"
      },
      {
        "id": "Composition.type.coding.system",
        "path": "Composition.type.coding.system",
        "min": 1
      },
      {
        "id": "Composition.type.coding.code",
        "path": "Composition.type.coding.code",
        "min": 1
      },
      {
        "id": "Composition.type.coding.display",
        "path": "Composition.type.coding.display",
        "max": "0"
      },
      {
        "id": "Composition.type.coding.userSelected",
        "path": "Composition.type.coding.userSelected",
        "max": "0"
      },
      {
        "id": "Composition.type.text",
        "path": "Composition.type.text",
        "max": "0"
      },
      {
        "id": "Composition.category",
        "path": "Composition.category",
        "max": "0"
      },
      {
        "id": "Composition.subject",
        "path": "Composition.subject",
        "min": 1,
        "type": [
          {
            "code": "Reference",
            "targetProfile": [
              "http://www.saude.gov.br/fhir/r4/StructureDefinition/BRIndividuo-1.0"
            ]
          }
        ]
      },
      {
        "id": "Composition.subject.reference",
        "path": "Composition.subject.reference",
        "max": "0"
      },
      {
        "id": "Composition.subject.type",
        "path": "Composition.subject.type",
        "max": "0"
      },
      {
        "id": "Composition.subject.display",
        "path": "Composition.subject.display",
        "max": "0"
      },
      {
        "id": "Composition.encounter",
        "path": "Composition.encounter",
        "max": "0"
      },
      {
        "id": "Composition.author",
        "path": "Composition.author",
        "max": "1"
      },
      {
        "id": "Composition.author.reference",
        "path": "Composition.author.reference",
        "max": "0"
      },
      {
        "id": "Composition.author.type",
        "path": "Composition.author.type",
        "max": "0"
      },
      {
        "id": "Composition.author.identifier",
        "path": "Composition.author.identifier",
        "min": 1
      },
      {
        "id": "Composition.author.display",
        "path": "Composition.author.display",
        "max": "0"
      },
      {
        "id": "Composition.confidentiality",
        "path": "Composition.confidentiality",
        "max": "0"
      },
      {
        "id": "Composition.attester",
        "path": "Composition.attester",
        "max": "0"
      },
      {
        "id": "Composition.custodian",
        "path": "Composition.custodian",
        "max": "0"
      },
      {
        "id": "Composition.event",
        "path": "Composition.event",
        "max": "0"
      },
      {
        "id": "Composition.section",
        "path": "Composition.section",
        "min": 1,
        "max": "1"
      },
      {
        "id": "Composition.section.title",
        "path": "Composition.section.title",
        "max": "0"
      },
      {
        "id": "Composition.section.code",
        "path": "Composition.section.code",
        "max": "0"
      },
      {
        "id": "Composition.section.author",
        "path": "Composition.section.author",
        "max": "0"
      },
      {
        "id": "Composition.section.focus",
        "path": "Composition.section.focus",
        "max": "0"
      },
      {
        "id": "Composition.section.text",
        "path": "Composition.section.text",
        "max": "0"
      },
      {
        "id": "Composition.section.mode",
        "path": "Composition.section.mode",
        "max": "0"
      },
      {
        "id": "Composition.section.orderedBy",
        "path": "Composition.section.orderedBy",
        "max": "0"
      },
      {
        "id": "Composition.section.entry",
        "path": "Composition.section.entry",
        "min": 1
      },
      {
        "id": "Composition.section.entry.reference",
        "path": "Composition.section.entry.reference",
        "min": 1
      },
      {
        "id": "Composition.section.entry.type",
        "path": "Composition.section.entry.type",
        "max": "0"
      },
      {
        "id": "Composition.section.entry.identifier",
        "path": "Composition.section.entry.identifier",
        "max": "0"
      },
      {
        "id": "Composition.section.entry.display",
        "path": "Composition.section.entry.display",
        "max": "0"
      },
      {
        "id": "Composition.section.emptyReason",
        "path": "Composition.section.emptyReason",
        "max": "0"
      },
      {
        "id": "Composition.section.section",
        "path": "Composition.section.section",
        "max": "0"
      }
    ]
  }
}