{
  "resourceType": "CodeSystem",
  "meta": {
    "lastUpdated": "2020-03-26T13:16:11.587+00:00"
  },
  "language": "pt-BR",
  "url": "http://www.saude.gov.br/fhir/r4/CodeSystem/BRResultadoQualitativoExame",
  "version": "201701A",
  "name": "Resultado qualitativo do Exame",
  "status": "active",
  "experimental": false,
  "date": "2020-03-26T13:16:09.8385573+00:00",
  "publisher": "Ministério da Saúde do Brasil",
  "description": "Code System utilizado para definir o valor atribuído ao resultado de um exame laboratorial realizado por método de análise qualitativo.",
  "content": "complete",
  "concept": [
    {
      "code": "1",
      "display": "Detectável"
    },
    {
      "code": "2",
      "display": "Não Detectável"
    },
    {
      "code": "3",
      "display": "Inconclusivo"
    }
  ]
}