{
  "resourceType": "CodeSystem",
  "meta": {
    "lastUpdated": "2020-03-11T18:25:07.005+00:00"
  },
  "language": "pt-BR",
  "url": "http://www.saude.gov.br/fhir/r4/CodeSystem/BRTipoEstabelecimentoSaude",
  "version": "201701A",
  "name": "Tipo de Estabelecimento de Saúde",
  "status": "active",
  "experimental": false,
  "date": "2020-03-11T18:25:27.5167216+00:00",
  "publisher": "Ministério da Saúde do Brasil",
  "description": "Códigos para representação de tipos de estabelecimentos de saúde, de acordo com codificação já existente para o Cadastro Nacional de Estabelecimentos de Saúde (CNES).",
  "content": "complete",
  "concept": [
    {
      "code": "84",
      "display": "CENTRAL DE ABASTECIMENTO"
    },
    {
      "code": "68",
      "display": "CENTRAL DE GESTAO EM SAUDE"
    },
    {
      "code": "82",
      "display": "CENTRAL DE NOTIFICACAO,CAPTACAO E DISTRIB DE ORGAOS ESTADUAL"
    },
    {
      "code": "64",
      "display": "CENTRAL DE REGULACAO DE SERVICOS DE SAUDE"
    },
    {
      "code": "81",
      "display": "CENTRAL DE REGULACAO DO ACESSO"
    },
    {
      "code": "76",
      "display": "CENTRAL DE REGULACAO MEDICA DAS URGENCIAS"
    },
    {
      "code": "71",
      "display": "CENTRO DE APOIO A SAUDE DA FAMILIA"
    },
    {
      "code": "69",
      "display": "CENTRO DE ATENCAO HEMOTERAPIA E OU HEMATOLOGICA"
    },
    {
      "code": "70",
      "display": "CENTRO DE ATENCAO PSICOSSOCIAL"
    },
    {
      "code": "85",
      "display": "CENTRO DE IMUNIZACAO"
    },
    {
      "code": "61",
      "display": "CENTRO DE PARTO NORMAL - ISOLADO"
    },
    {
      "code": "2",
      "display": "CENTRO DE SAUDE/UNIDADE BASICA"
    },
    {
      "code": "36",
      "display": "CLINICA/CENTRO DE ESPECIALIDADE"
    },
    {
      "code": "22",
      "display": "CONSULTORIO ISOLADO"
    },
    {
      "code": "60",
      "display": "COOPERATIVA OU EMPRESA DE CESSAO DE TRABALHADORES NA SAUDE"
    },
    {
      "code": "43",
      "display": "FARMACIA"
    },
    {
      "code": "7",
      "display": "HOSPITAL ESPECIALIZADO"
    },
    {
      "code": "5",
      "display": "HOSPITAL GERAL"
    },
    {
      "code": "62",
      "display": "HOSPITAL/DIA - ISOLADO"
    },
    {
      "code": "67",
      "display": "LABORATORIO CENTRAL DE SAUDE PUBLICA LACEN"
    },
    {
      "code": "80",
      "display": "LABORATORIO DE SAUDE PUBLICA"
    },
    {
      "code": "79",
      "display": "OFICINA ORTOPEDICA"
    },
    {
      "code": "4",
      "display": "POLICLINICA"
    },
    {
      "code": "74",
      "display": "POLO ACADEMIA DA SAUDE"
    },
    {
      "code": "83",
      "display": "POLO DE PREVENCAO DE DOENCAS E AGRAVOS E PROMOCAO DA SAUDE"
    },
    {
      "code": "1",
      "display": "POSTO DE SAUDE"
    },
    {
      "code": "73",
      "display": "PRONTO ATENDIMENTO"
    },
    {
      "code": "21",
      "display": "PRONTO SOCORRO ESPECIALIZADO"
    },
    {
      "code": "20",
      "display": "PRONTO SOCORRO GERAL"
    },
    {
      "code": "77",
      "display": "SERVICO DE ATENCAO DOMICILIAR ISOLADO(HOME CARE)"
    },
    {
      "code": "75",
      "display": "TELESSAUDE"
    },
    {
      "code": "39",
      "display": "UNIDADE DE APOIO DIAGNOSE E TERAPIA (SADT ISOLADO)"
    },
    {
      "code": "72",
      "display": "UNIDADE DE ATENCAO A SAUDE INDIGENA"
    },
    {
      "code": "78",
      "display": "UNIDADE DE ATENCAO EM REGIME RESIDENCIAL"
    },
    {
      "code": "50",
      "display": "UNIDADE DE VIGILANCIA EM SAUDE"
    },
    {
      "code": "15",
      "display": "UNIDADE MISTA"
    },
    {
      "code": "42",
      "display": "UNIDADE MOVEL DE NIVEL PRE-HOSPITALAR NA AREA DE URGENCIA"
    },
    {
      "code": "32",
      "display": "UNIDADE MOVEL FLUVIAL"
    },
    {
      "code": "40",
      "display": "UNIDADE MOVEL TERRESTRE"
    }
  ]
}