{
  "resourceType": "ValueSet",
  "id": "613b3d1a-a086-41c9-9249-501f2df02c42",
  "meta": {
    "versionId": "1",
    "lastUpdated": "2020-03-12T13:26:59.33+00:00"
  },
  "language": "pt-BR",
  "url": "http://www.saude.gov.br/fhir/r4/ValueSet/BRTipoDocumento-1.0",
  "version": "1.0",
  "name": "Tipo de Documento",
  "status": "active",
  "experimental": false,
  "date": "2020-03-12T13:26:58.6069366+00:00",
  "publisher": "Ministério da Saúde do Brasil",
  "description": "Classifica o tipo de documento que está sendo trafegado.",
  "immutable": false,
  "compose": {
    "include": [
      {
        "system": "http://www.saude.gov.br/fhir/r4/CodeSystem/BRTipoDocumento",
        "version": "*"
      }
    ]
  }
}