{
  "resourceType": "CodeSystem",
  "id": "1fe028ce-d3f8-43c9-be1c-00b49a2bc4df",
  "meta": {
    "lastUpdated": "2020-06-09T14:39:12.730+00:00"
  },
  "language": "pt-BR",
  "url": "http://www.saude.gov.br/fhir/r4/CodeSystem/BRTipoAmostraGAL",
  "version": "201701A",
  "name": "Tipo de Amostra Biológica",
  "status": "active",
  "experimental": false,
  "date": "2020-06-09T14:39:37.7113823+00:00",
  "publisher": "Ministério da Saúde do Brasil",
  "description": "Classifica o tipo de amostra biológica utilizada em exames de acordo com a terminologia Gerenciador de Ambiente Laboratorial (GAL).",
  "content": "complete",
  "concept": [
    {
      "code": "SECONF",
      "display": "Secreção Orofaríngea e Nasofaríngea"
    },
    {
      "code": "SNOF",
      "display": "Swab Naso-Orofaríngeo"
    },
    {
      "code": "SWNAFA",
      "display": "Swab Nasofaríngeo"
    },
    {
      "code": "SWAB",
      "display": "Swab"
    },
    {
      "code": "SECNAS",
      "display": "Secreção Nasofaríngea"
    },
    {
      "code": "ASNAFA",
      "display": "Aspirado Nasofaríngeo"
    },
    {
      "code": "SWORO",
      "display": "Swab Orofaríngeo"
    },
    {
      "code": "SWNAS",
      "display": "Swab Nasal"
    },
    {
      "code": "SECORF",
      "display": "Secreção Orofaríngea"
    },
    {
      "code": "LAVBRA",
      "display": "Lavado Brônquico Alveolar"
    },
    {
      "code": "LAVBRO",
      "display": "Lavado Brônquico"
    },
    {
      "code": "CORIZA",
      "display": "Coriza"
    },
    {
      "code": "EXSNAS",
      "display": "Exsudato de Nasofaringe"
    },
    {
      "code": "ASPBRO",
      "display": "Aspirado Brônquico"
    },
    {
      "code": "LAVTBR",
      "display": "Lavado Traqueo-Brônquico"
    },
    {
      "code": "SECTRA",
      "display": "Secreção Traqueal"
    },
    {
      "code": "EXSORO",
      "display": "Exsudato de Orofaringe"
    },
    {
      "code": "FGMP",
      "display": "Fragmentos do pulmão"
    },
    {
      "code": "FGMT",
      "display": "Fragmento"
    },
    {
      "code": "FLUORA",
      "display": "Fluido oral"
    },
    {
      "code": "FRAAMI",
      "display": "Fragmentos de ampigdalas"
    },
    {
      "code": "FRABAC",
      "display": "Fragmentos de baço"
    },
    {
      "code": "FRACOR",
      "display": "Fragmentos de coração"
    },
    {
      "code": "FRAFIG",
      "display": "Fragmentos de fígado"
    },
    {
      "code": "FRAGT",
      "display": "Fragmento de tecido"
    },
    {
      "code": "FRAMOR",
      "display": "Fragmentos de múltiplos órgãos"
    },
    {
      "code": "FRAPAN",
      "display": "Fragmentos de pâncreas"
    },
    {
      "code": "FRARIM",
      "display": "Fragmentos de rim"
    },
    {
      "code": "FRATRA",
      "display": "Fragmentos de traquéia"
    },
    {
      "code": "FRBRON",
      "display": "Fragmentos de brônquio"
    },
    {
      "code": "INFP",
      "display": "Infiltrado pulmonar"
    },
    {
      "code": "INODER",
      "display": "Inoculação intradérmica"
    },
    {
      "code": "LAVORO",
      "display": "Lavado de orofaringe"
    },
    {
      "code": "MTBIO",
      "display": "Material Não Biológico"
    },
    {
      "code": "SECBRO",
      "display": "Secreção brônquica"
    },
    {
      "code": "SECOC",
      "display": "Secreção ocular"
    },
    {
      "code": "SECPEN",
      "display": "Secreção peniana"
    },
    {
      "code": "SGEDT",
      "display": "Sangue com EDTA"
    },
    {
      "code": "SGHEM",
      "display": "Sangue"
    },
    {
      "code": "SNCCEB",
      "display": "Fragmento do tecido do SNC - cérebro"
    },
    {
      "code": "SWBAN",
      "display": "Swab Anal"
    },
    {
      "code": "SWOCU",
      "display": "Swab Ocular"
    },
    {
      "code": "SWRET",
      "display": "Swab retal"
    },
    {
      "code": "TECPM",
      "display": "Tecido pós-mortem"
    }
  ]
}