{
  "resourceType": "CodeSystem",
  "meta": {
    "lastUpdated": "2020-04-02T13:03:21.687+00:00"
  },
  "language": "pt-BR",
  "url": "http://www.saude.gov.br/fhir/r4/CodeSystem/BRTipoLogradouro",
  "version": "201701A",
  "name": "Tipo de Logradouro",
  "status": "active",
  "experimental": false,
  "date": "2020-04-02T13:03:18.6480245+00:00",
  "publisher": "Ministério da Saúde do Brasil",
  "description": "Classificação os tipos de logradouros existentes para uso em endereços estruturados.",
  "content": "complete",
  "concept": [
    {
      "code": "008",
      "display": "Avenida"
    },
    {
      "code": "081",
      "display": "Rua"
    }
  ]
}