{
  "resourceType": "StructureDefinition",
  "url": "http://www.saude.gov.br/fhir/r4/StructureDefinition/BRTurno",
  "name": "BRTurno",
  "title": "Turno do dia",
  "status": "draft",
  "description": "Extensão para descrever uma unidade de tempo referenciada pelo UCUM.",
  "fhirVersion": "4.0.1",
  "kind": "complex-type",
  "abstract": false,
  "context": [
    {
      "type": "element",
      "expression": "Element"
    }
  ],
  "type": "Extension",
  "baseDefinition": "http://hl7.org/fhir/StructureDefinition/Extension",
  "derivation": "constraint",
  "differential": {
    "element": [
      {
        "id": "Extension.id",
        "path": "Extension.id",
        "max": "0"
      },
      {
        "id": "Extension.url",
        "path": "Extension.url",
        "fixedUri": "http://www.saude.gov.br/fhir/r4/StructureDefinition/BRTurno"
      },
      {
        "id": "Extension.value[x]",
        "path": "Extension.value[x]",
        "min": 1,
        "type": [
          {
            "code": "code"
          }
        ],
        "binding": {
          "strength": "required",
          "description": "Define o turno do dia",
          "valueSet": "http://www.saude.gov.br/fhir/r4/ValueSet/BRTurno"
        }
      }
    ]
  }
}