{
  "resourceType": "CodeSystem",
  "meta": {
    "lastUpdated": "2021-08-19T14:10:22"
  },
  "language": "pt-BR",
  "url": "http://www.saude.gov.br/fhir/r4/CodeSystem/BRCondicaoMaternal",
  "version": "1.0",
  "name": "Condição Maternal",
  "status": "active",
  "experimental": false,
  "date": "2021-08-19T14:10:22",
  "publisher": "Ministério da Saúde do Brasil",
  "description": "Indicação da condição maternal da pessoa vacinada.",
  "content": "complete",
  "concept": [
    {
      "code": "1",
      "display": "Nenhuma"
    },
    {
      "code": "2",
      "display": "Gestante"
    },
    {
      "code": "3",
      "display": "Puérpera"
    }
  ]
}