{
  "resourceType": "ConceptMap",
  "id": "COVID19VaccineProphylaxisImunobiologicoUE",
  "url": "http://www.saude.gov.br/fhir/r4/ConceptMap/COVID19VaccineProphylaxisBRImunobiologicoUE",
  "version": "01.00",
  "name": "Mapeamento dos códigos do COVID-19 vaccine or prophylaxis para os códigos do Imunobiologico",
  "status": "draft",
  "experimental": false,
  "date": "2022-03-17",
  "publisher": "Ministério da Saúde",
  "description": "Um mapeamento dos códigos entre COVID-19 vaccine or prophylaxis e Imunobiologico",
  "targetUri": "http://www.saude.gov.br/fhir/r4/ValueSet/BRImunobiologicoUE",
  "group": [
    {
      "source": "http://www.whocc.no/atc",
      "target": "http://www.saude.gov.br/fhir/r4/CodeSystem/BRImunobiologico",
      "element": [
        {
          "code": "J07BX03",
          "display": "covid-19 vaccines",
          "target": [
            {
              "code": "85",
              "display": "COVID-19 ASTRAZENECA/FIOCRUZ - COVISHIELD",
              "equivalence": "equivalent"
            },
            {
              "code": "86",
              "display": "COVID-19 SINOVAC/BUTANTAN - CORONAVAC",
              "equivalence": "equivalent"
            },
            {
              "code": "88",
              "display": "COVID-19 JANSSEN - Ad26.COV2.S",
              "equivalence": "equivalent"
            },
            {
              "code": "89",
              "display": "COVID-19 ASTRAZENECA - ChAdOx1-S",
              "equivalence": "equivalent"
            },
            {
              "code": "98",
              "display": "COVID-19 SINOVAC - CORONAVAC",
              "equivalence": "equivalent"
            },
            {
              "code": "99",
              "display": "COVID-19 PEDIÁTRICA - PFIZER COMIRNATY",
              "equivalence": "equivalent"
            },
            {
              "code": "87",
              "display": "COVID-19 PFIZER - COMIRNATY",
              "equivalence": "equivalent"
            }
          ]
        }
      ]
    }
  ]
}