{
  "resourceType": "ValueSet",
  "meta": {
    "lastUpdated": "2020-03-11T19:16:00.146+00:00"
  },
  "language": "pt-BR",
  "url": "http://www.saude.gov.br/fhir/r4/ValueSet/BRDose-1.0",
  "version": "1.0",
  "name": "Dose do Imunobiológico",
  "status": "active",
  "experimental": false,
  "date": "2020-03-11T19:16:20.2871065+00:00",
  "publisher": "Ministério da Saúde do Brasil",
  "description": "ValueSet utilizado para definir o tipo da dose administrada no indivíduo.",
  "immutable": false,
  "compose": {
    "include": [
      {
        "system": "http://www.saude.gov.br/fhir/r4/CodeSystem/BRDose",
        "version": "*"
      }
    ]
  }
}