{
  "resourceType": "CodeSystem",
  "meta": {
    "lastUpdated": "2021-07-30T09:04:43"
  },
  "language": "pt-BR",
  "url": "http://www.saude.gov.br/fhir/r4/CodeSystem/BRFabricantePNI",
  "version": "1.0",
  "name": "Fabricante do imunobiológico",
  "status": "active",
  "experimental": false,
  "date": "2021-02-05T11:40:22",
  "publisher": "Ministério da Saúde do Brasil",
  "description": "Apresenta o fabricante do imunobiológico.",
  "content": "complete",
  "concept": [
    {
      "code": "141",
      "display": "IVB",
      "definition": "INSTITUTO VITAL BRAZIL S.A"
    },
    {
      "code": "142",
      "display": "PFIZER",
      "definition": "LABORATORIOS PFIZER LTDA"
    },
    {
      "code": "149",
      "display": "FIOCRUZ",
      "definition": "FUNDACAO OSWALDO CRUZ"
    },
    {
      "code": "150",
      "display": "FUNED",
      "definition": "FUNDACAO EZEQUIEL DIAS"
    },
    {
      "code": "151",
      "display": "F.A.P.",
      "definition": "FUNDACAO ATAULPHO DE PAIVA"
    },
    {
      "code": "152",
      "display": "BUTANTAN",
      "definition": "FUNDACAO BUTANTAN"
    },
    {
      "code": "153",
      "display": "TECPAR",
      "definition": "INSTITUTO DE TECNOLOGIA DO PARANA"
    },
    {
      "code": "156",
      "display": "DADO B.",
      "definition": "DADE BEHRING MARBUG GMBH"
    },
    {
      "code": "159",
      "display": "SMITHKLINE",
      "definition": "GLAXOSMITHKLINE BEECHAM"
    },
    {
      "code": "160",
      "display": "GREENCROSS",
      "definition": "GREEN CROSS - PHARMACEUTICAL B. M. CORP."
    },
    {
      "code": "161",
      "display": "AVENTIS",
      "definition": "AVENTIS PASTEUR S.A."
    },
    {
      "code": "162",
      "display": "CHIRON SPA",
      "definition": "NOVARTIS/CHIRON S.P.A. VACCINES"
    },
    {
      "code": "163",
      "display": "SERUM-INDIA",
      "definition": "SERUM INSTITUTE OF INDIA LTD."
    },
    {
      "code": "164",
      "display": "LGCHEMICAL",
      "definition": "LG CHEMICAL INVESTIMENT LTD"
    },
    {
      "code": "165",
      "display": "MERCK",
      "definition": "MERCK SHARP DOHME CO., INC."
    },
    {
      "code": "166",
      "display": "BIKEN",
      "definition": "FUNDACAO INVEST. DE INFERM. MICROB. DA UNIVERSIDADE DE OSAKA"
    },
    {
      "code": "167",
      "display": "SEVAC",
      "definition": "SEVAC S.A."
    },
    {
      "code": "168",
      "display": "BERNE",
      "definition": "SWISS SERUM AND VACCINES INSTITUTE BERNE"
    },
    {
      "code": "235",
      "display": "INCQS",
      "definition": "INSTITUTO NACIONAL DE CONTROLE DE QUALIDADE EM SAUDE"
    },
    {
      "code": "239",
      "display": "BAYER",
      "definition": "BAYER CORPORATION - BIOLOGICAL PRODUCTS"
    },
    {
      "code": "608",
      "display": "BAXTER",
      "definition": "BAXTER VACCINE AKTIENGESELLSCHAFT"
    },
    {
      "code": "1659",
      "display": "CYANAMID",
      "definition": "AMERICAN CYANAMID COMPANY"
    },
    {
      "code": "1913",
      "display": "CPPI",
      "definition": "CENTRO DE PRODUCAO E PESQUISA DE IMUNOBIOLOGICOS"
    },
    {
      "code": "2250",
      "display": "IIMUNO",
      "definition": "INSTITUTE OF IMMUNOLOGY - CROACIA"
    },
    {
      "code": "2260",
      "display": "CSL",
      "definition": "CSL BEHRING GMBH"
    },
    {
      "code": "2263",
      "display": "WYETH",
      "definition": "WYETH PHARMACEUTICALS"
    },
    {
      "code": "2355",
      "display": "NOVARTIS",
      "definition": "NOVARTIS PHARMA SERVICES INC."
    },
    {
      "code": "2560",
      "display": "HEBER",
      "definition": "HEBER BIOTEC"
    },
    {
      "code": "2769",
      "display": "BERNA",
      "definition": "BERNA BIOTECH KOREA CORPORATION"
    },
    {
      "code": "2862",
      "display": "SANPASTEUR",
      "definition": "SANOFI PASTEUR"
    },
    {
      "code": "2901",
      "display": "MERIAL",
      "definition": "MERIAL MEXICO, SA BECV"
    },
    {
      "code": "3521",
      "display": "BIOVET",
      "definition": "BIOVET"
    },
    {
      "code": "10534",
      "display": "CRUCELL",
      "definition": "CRUCELL SWEDEN AB"
    },
    {
      "code": "11347",
      "display": "VIRBAC",
      "definition": "VIRBAC S.A"
    },
    {
      "code": "12551",
      "display": "GRIFOLS",
      "definition": "GRIFOLS BRASIL LTDA"
    },
    {
      "code": "12572",
      "display": "KEDRION",
      "definition": "KEDRION BIOPHARMA"
    },
    {
      "code": "13219",
      "display": "BIOGENESIS",
      "definition": "BIOGENESIS-BAGO S/A"
    },
    {
      "code": "13688",
      "display": "SHANTHA",
      "definition": "SHANTHA BIOTECHNICS"
    },
    {
      "code": "16763",
      "display": "BIOFARMA",
      "definition": "BIOFARMA"
    },
    {
      "code": "17934",
      "display": "BIOLOGICAL",
      "definition": "BIOLOGICAL E. LIMITED"
    },
    {
      "code": "18189",
      "display": "INTERVAX",
      "definition": "INTERVAX LTDA."
    },
    {
      "code": "18190",
      "display": "BB-NCIPD",
      "definition": "BB-NCIPD LTD."
    },
    {
      "code": "22942",
      "display": "LGLIFE",
      "definition": "LG LIFE SCIENCES LTDA"
    },
    {
      "code": "26313",
      "display": "MERCK-GO",
      "definition": "MERCK SHARP E DOHME FARMACEUTICA LTDA / GO"
    },
    {
      "code": "27816",
      "display": "EUBIOLOGI",
      "definition": "EUBIOLOGICS CO., LTD."
    },
    {
      "code": "27880",
      "display": "GSK-BRASIL",
      "definition": "GLAXOSMITHKLINE BRASIL LTDA."
    },
    {
      "code": "28211",
      "display": "KAMADA",
      "definition": "KAMADA PHARMACEUTICAL"
    },
    {
      "code": "28251",
      "display": "SANMEDLEY",
      "definition": "SANOFI MEDLEY FARMACEUTICA LTDA"
    },
    {
      "code": "28283",
      "display": "VINS",
      "definition": "VINS BIOPRODUCTS LIMITED"
    },
    {
      "code": "28290",
      "display": "PFIZER-BELGICA",
      "definition": "PFIZER MANUFACTURING BELGIUM NV - BELGIVA"
    },
    {
      "code": "28303",
      "display": "PANACEA",
      "definition": "PANACEA BIOTEC LTD"
    },
    {
      "code": "28425",
      "display": "BIOGENESIS",
      "definition": "BIOGENESIS BAGO SAUDE ANIMAL LTDA"
    },
    {
      "code": "28738",
      "display": "BOEHRINGER",
      "definition": "BOEHRINGER INGELHEIM ANIMAL HEALTH"
    },
    {
      "code": "29501",
      "display": "SINOVAC",
      "definition": "SINOVAC LIFE SCIENCE CO., LTD"
    },
    {
      "code": "29909",
      "display": "ASTRAZENECA",
      "definition": "ASTRAZENECA AB"
    },
    {
      "code": "30357",
      "display": "EQUIPLEX",
      "definition": "EQUIPLEX INDUSTRIA FARMACEUTICA LTDA"
    },
    {
      "code": "30587",
      "display": "JANSSEN",
      "definition": "JANSSEN PHARMACEUTICA NV"
    }
  ]
}