{
  "resourceType": "ValueSet",
  "id": "ff3b68ef-31be-43d5-b67c-c6fc58023ada",
  "meta": {
    "lastUpdated": "2020-04-07T17:34:09.144+00:00"
  },
  "language": "pt-BR",
  "url": "http://www.saude.gov.br/fhir/r4/ValueSet/BREstadoDocumento-1.0",
  "version": "1.0",
  "name": "Estados de um documento",
  "status": "active",
  "experimental": false,
  "date": "2020-04-07T17:34:06.5203435+00:00",
  "publisher": "Ministério da Saúde do Brasil",
  "description": "Classifica o estado de um documento.",
  "immutable": false,
  "compose": {
    "include": [
      {
        "system": "http://hl7.org/fhir/composition-status",
        "version": "*",
        "concept": [
          {
            "code": "final",
            "display": "Finalizado ou concluído"
          },
          {
            "code": "entered-in-error",
            "display": "Cancelado por informação errada"
          }
        ]
      }
    ]
  }
}