{
  "resourceType": "ValueSet",
  "meta": {
    "lastUpdated": "2020-03-12T13:10:48.440+00:00"
  },
  "language": "pt-BR",
  "url": "http://www.saude.gov.br/fhir/r4/ValueSet/BRImunobiologico-1.0",
  "version": "1.0",
  "name": "Imunobiológico",
  "status": "active",
  "experimental": false,
  "date": "2020-03-12T13:10:47.5330686+00:00",
  "publisher": "Ministério da Saúde do Brasil",
  "description": "Tipos de imunobiológicos disponíveis no Brasil.",
  "immutable": false,
  "compose": {
    "include": [
      {
        "system": "http://www.saude.gov.br/fhir/r4/CodeSystem/BRImunobiologico",
        "version": "*"
      }
    ]
  }
}