{
  "resourceType": "CodeSystem",
  "meta": {
    "lastUpdated": "2021-12-06T14:39:34.465+00:00"
  },
  "language": "pt-BR",
  "url": "http://www.saude.gov.br/fhir/r4/CodeSystem/BRLocalAplicacao",
  "version": "01.02",
  "name": "Local de Aplicação",
  "status": "active",
  "experimental": false,
  "date": "2020-03-11T18:15:54.9540124+00:00",
  "publisher": "Ministério da Saúde do Brasil",
  "description": "Define a localização anatômica de aplicação de uma substância",
  "content": "complete",
  "concept": [
    {
      "code": "0",
      "display": "Sem registro no sistema de informação de origem",
      "designation": [
        {
          "language": "en",
          "value": "No registration in the source information system"
        },
        {
          "language": "es",
          "value": "Sin registro en el sistema de información de fuentes"
        }
      ]
    },
    {
      "code": "1",
      "display": "Deltóide Direito",
      "designation": [
        {
          "language": "en",
          "value": "Right deltoid"
        },
        {
          "language": "es",
          "value": "Deltoides derecho"
        }
      ]
    },
    {
      "code": "2",
      "display": "Deltóide Esquerdo",
      "designation": [
        {
          "language": "en",
          "value": "Left deltoid"
        },
        {
          "language": "es",
          "value": "Deltoides izquierdo"
        }
      ]
    },
    {
      "code": "3",
      "display": "Vasto Lateral da Coxa Direita",
      "designation": [
        {
          "language": "en",
          "value": "Right Vastus Lateralis"
        },
        {
          "language": "es",
          "value": "Vasto lateral derecho"
        }
      ]
    },
    {
      "code": "4",
      "display": "Vasto Lateral da Coxa Esquerda",
      "designation": [
        {
          "language": "en",
          "value": "Left Vastus Lateralis"
        },
        {
          "language": "es",
          "value": "Vasto lateral izquierdo"
        }
      ]
    },
    {
      "code": "5",
      "display": "Ventroglúteo Direito",
      "designation": [
        {
          "language": "en",
          "value": "Right ventro gluteus"
        },
        {
          "language": "es",
          "value": "Ventro gluteus derecho"
        }
      ]
    },
    {
      "code": "6",
      "display": "Ventroglúteo Esquerdo",
      "designation": [
        {
          "language": "en",
          "value": "Left ventro gluteus"
        },
        {
          "language": "es",
          "value": "Ventro gluteus izquierdo"
        }
      ]
    },
    {
      "code": "7",
      "display": "Glúteo",
      "designation": [
        {
          "language": "en",
          "value": "gluteus"
        },
        {
          "language": "es",
          "value": "Glúteo"
        }
      ]
    },
    {
      "code": "8",
      "display": "Ferimento Local",
      "designation": [
        {
          "language": "en",
          "value": "Local Injury"
        },
        {
          "language": "es",
          "value": "Lesión local"
        }
      ]
    },
    {
      "code": "9",
      "display": "Boca",
      "designation": [
        {
          "language": "en",
          "value": "Mouth"
        },
        {
          "language": "es",
          "value": "Boca"
        }
      ]
    }
  ]
}