{
  "resourceType": "CodeSystem",
  "meta": {
    "lastUpdated": "2021-12-28T17:23:29+00:00"
  },
  "language": "pt-BR",
  "url": "http://www.saude.gov.br/fhir/r4/CodeSystem/BRNacionalidade",
  "version": "01.00",
  "name": "Nacionalidade",
  "status": "active",
  "experimental": false,
  "date": "2021-12-28T17:23:29+00:00",
  "publisher": "Ministério da Saúde do Brasil",
  "description": "Define a nacionalidade de um dado indivíduo.",
  "content": "complete",
  "concept": [
    {
      "code": "B",
      "display": "Brasileiro",
      "designation": [
        {
          "language": "en",
          "value": "Brazilian"
        },
        {
          "language": "es",
          "value": "Brasileño"
        }
      ]
    },
    {
      "code": "E",
      "display": "Estrangeiro",
      "designation": [
        {
          "language": "en",
          "value": "Foreign"
        },
        {
          "language": "es",
          "value": "Extranjero"
        }
      ]
    },
    {
      "code": "N",
      "display": "Naturalizado",
      "designation": [
        {
          "language": "en",
          "value": "Naturalized"
        },
        {
          "language": "es",
          "value": "Naturalizado"
        }
      ]
    }
  ]
}