{
  "resourceType": "ValueSet",
  "meta": {
    "lastUpdated": "2020-03-26T13:20:24.501+00:00"
  },
  "language": "pt-BR",
  "url": "http://www.saude.gov.br/fhir/r4/ValueSet/BRNomeExameTRCOVID19LOINC-1.0",
  "version": "1.0",
  "name": "Nome do Exame",
  "status": "active",
  "experimental": false,
  "date": "2020-03-26T13:20:23.3537413+00:00",
  "publisher": "Ministério da Saúde do Brasil",
  "description": "Classifica o exame laboratorial realizado para COVID-19.",
  "immutable": false,
  "compose": {
    "include": [
      {
        "system": "http://www.saude.gov.br/fhir/r4/CodeSystem/BRNomeExameLOINC",
        "version": "*",
        "concept": [
          {
            "code": "94507-1",
            "display": "SARS Coronavírus 2, [presença de] anticorpos IgG em soro ou plasma por imunoensaio"
          },
          {
            "code": "94508-9",
            "display": "SARS Coronavírus 2, [presença de] anticorpos IgM em soro ou plasma por imunoensaio"
          },
          {
            "code": "94558-4",
            "display": "SARS Coronavírus 2, [presença de] antígenos Ag em amostra respiratória por imunoensaio rápido"
          },
          {
            "code": "94768-9",
            "display": "SARS Coronavírus 2 [Presença de] anticorpos IgA em Soro Plasma ou Sangue por Imunoensaio rápido"
          }
        ]
      }
    ]
  }
}