{
  "resourceType": "CodeSystem",
  "meta": {
    "lastUpdated": "2022-01-21T14:38:40.0457007+00:00"
  },
  "language": "pt-BR",
  "url": "http://www.saude.gov.br/fhir/r4/CodeSystem/BRRegistroOrigem",
  "version": "01.10",
  "name": "Registro de Origem",
  "status": "active",
  "experimental": false,
  "date": "2022-01-21T14:38:40.0457007+00:00",
  "publisher": "Ministério da Saúde do Brasil",
  "description": "Códigos para representação da Origem do Registro de Imunobiológico.",
  "content": "complete",
  "concept": [
    {
      "code": "01",
      "display": "Registro anterior/Transcrição de caderneta"
    },
    {
      "code": "02",
      "display": "Vacina no Exterior"
    }
  ]
}