{
  "resourceType": "StructureDefinition",
  "language": "pt-BR",
  "url": "http://www.saude.gov.br/fhir/r4/StructureDefinition/BRGrupoAtendimento",
  "version": "1.0",
  "name": "BRGrupoAtendimento",
  "title": "Grupo de Atendimento",
  "status": "active",
  "date": "2020-12-15",
  "publisher": "Ministério da Saúde do Brasil",
  "description": "Identificação do grupo de atendimento para vacinação.",
  "fhirVersion": "4.0.1",
  "kind": "complex-type",
  "abstract": false,
  "context": [
    {
      "type": "element",
      "expression": "Immunization"
    }
  ],
  "type": "Extension",
  "baseDefinition": "http://hl7.org/fhir/StructureDefinition/Extension",
  "derivation": "constraint",
  "differential": {
    "element": [
      {
        "id": "Extension",
        "path": "Extension",
        "short": "Grupo de Atendimento",
        "mustSupport": false
      },
      {
        "id": "Extension.url",
        "path": "Extension.url",
        "fixedUri": "http://www.saude.gov.br/fhir/r4/StructureDefinition/BRGrupoAtendimento"
      },
      {
        "id": "Extension.value[x]",
        "path": "Extension.value[x]",
        "min": 1,
        "type": [
          {
            "code": "CodeableConcept"
          }
        ],
        "mustSupport": true,
        "binding": {
          "strength": "required",
          "description": "Grupo de atendimento",
          "valueSet": "http://www.saude.gov.br/fhir/r4/ValueSet/BRGrupoAtendimento-1.0"
        }
      },
      {
        "id": "Extension.value[x].coding",
        "path": "Extension.value[x].coding",
        "min": 1,
        "max": "1"
      },
      {
        "id": "Extension.value[x].coding.system",
        "path": "Extension.value[x].coding.system",
        "min": 1
      },
      {
        "id": "Extension.value[x].coding.code",
        "path": "Extension.value[x].coding.code",
        "min": 1
      },
      {
        "id": "Extension.value[x].coding.display",
        "path": "Extension.value[x].coding.display",
        "max": "0"
      },
      {
        "id": "Extension.value[x].coding.userSelected",
        "path": "Extension.value[x].coding.userSelected",
        "max": "0"
      },
      {
        "id": "Extension.value[x].text",
        "path": "Extension.value[x].text",
        "max": "0"
      }
    ]
  }
}