{
  "resourceType": "CodeSystem",
  "meta": {
    "lastUpdated": "2021-12-01T13:16:09.8385573+00:00"
  },
  "language": "pt-BR",
  "url": "http://www.saude.gov.br/fhir/r4/CodeSystem/BRTurno",
  "version": "01.00",
  "name": "Turno do dia",
  "status": "draft",
  "experimental": false,
  "date": "2021-12-01T13:16:09.8385573+00:00",
  "publisher": "Ministério da Saúde do Brasil",
  "description": "Code System utilizado para definir o turno de um dia.",
  "content": "complete",
  "concept": [
    {
      "code": "1",
      "display": "Manhã"
    },
    {
      "code": "2",
      "display": "Tarde"
    },
    {
      "code": "3",
      "display": "Noite"
    }
  ]
}