{
  "resourceType": "CodeSystem",
  "meta": {
    "lastUpdated": "2022-03-22T14:53:00.0000000+00:00"
  },
  "language": "pt-BR",
  "url": "http://www.saude.gov.br/fhir/r4/CodeSystem/BRUnidadeTempo",
  "version": "01.00",
  "name": "Unidade de tempo",
  "status": "draft",
  "experimental": false,
  "date": "2022-03-22T14:53:00.0000000+00:00",
  "publisher": "Ministério da Saúde do Brasil",
  "description": "Code System utilizado para definir a classe de unidades de tempo.",
  "content": "complete",
  "concept": [
    {
      "code": "min",
      "display": "minuto(s)",
      "designation": [
        {
          "language": "eng",
          "value": "minute"
        }
      ]
    },
    {
      "code": "h",
      "display": "hora(s)",
      "designation": [
        {
          "language": "eng",
          "value": "hour"
        }
      ]
    },
    {
      "code": "d",
      "display": "dia(s)",
      "designation": [
        {
          "language": "eng",
          "value": "day"
        }
      ]
    },
    {
      "code": "wk",
      "display": "semana(s)",
      "designation": [
        {
          "language": "eng",
          "value": "week"
        }
      ]
    },
    {
      "code": "mo",
      "display": "mês(meses)",
      "designation": [
        {
          "language": "eng",
          "value": "month"
        }
      ]
    },
    {
      "code": "a",
      "display": "ano(s)",
      "designation": [
        {
          "language": "eng",
          "value": "year"
        }
      ]
    }
  ]
}