{
  "resourceType": "CodeSystem",
  "meta": {
    "lastUpdated": "2021-12-01T13:16:09.8385573+00:00"
  },
  "language": "pt-BR",
  "url": "http://www.saude.gov.br/fhir/r4/CodeSystem/BRUnidadeMedida",
  "version": "01.00",
  "name": "Unidade de Medida",
  "status": "draft",
  "experimental": false,
  "date": "2021-12-01T13:16:09.8385573+00:00",
  "publisher": "Ministério da Saúde do Brasil",
  "description": "Code System utilizado para definir a unidade de medida de um medicamento prescrito, para consumo ou especificação do fabricante.",
  "content": "complete",
  "concept": [
    {
      "code": "1",
      "display": "Adesivo"
    },
    {
      "code": "2",
      "display": "Ampola"
    },
    {
      "code": "3",
      "display": "Anel"
    },
    {
      "code": "4",
      "display": "Aplicação"
    },
    {
      "code": "5",
      "display": "Aplicador"
    },
    {
      "code": "6",
      "display": "Atomização"
    },
    {
      "code": "7",
      "display": "Bandagem"
    },
    {
      "code": "8",
      "display": "Barra"
    },
    {
      "code": "9",
      "display": "Bisnaga"
    },
    {
      "code": "10",
      "display": "Blíster"
    },
    {
      "code": "11",
      "display": "Bolsa"
    },
    {
      "code": "12",
      "display": "Caixa"
    },
    {
      "code": "13",
      "display": "Cápsula"
    },
    {
      "code": "14",
      "display": "Carpule"
    },
    {
      "code": "15",
      "display": "Cartucho"
    },
    {
      "code": "16",
      "display": "Catéter"
    },
    {
      "code": "17",
      "display": "cm (Centímetro)"
    },
    {
      "code": "18",
      "display": "cm² (Centímetro Quadrado)"
    },
    {
      "code": "19",
      "display": "Comprimido"
    },
    {
      "code": "20",
      "display": "Desconhecido"
    },
    {
      "code": "21",
      "display": "Dispositivo"
    },
    {
      "code": "22",
      "display": "Dispositivo de injeção pré-carregado"
    },
    {
      "code": "23",
      "display": "Dose"
    },
    {
      "code": "24",
      "display": "Emplastro"
    },
    {
      "code": "25",
      "display": "Endosporos"
    },
    {
      "code": "26",
      "display": "Enema"
    },
    {
      "code": "27",
      "display": "Envelope"
    },
    {
      "code": "28",
      "display": "Estojo"
    },
    {
      "code": "29",
      "display": "Filme"
    },
    {
      "code": "30",
      "display": "Flaconete"
    },
    {
      "code": "31",
      "display": "Frasco"
    },
    {
      "code": "32",
      "display": "Frasco-ampola"
    },
    {
      "code": "33",
      "display": "g (Grama)"
    },
    {
      "code": "34",
      "display": "Goma"
    },
    {
      "code": "35",
      "display": "Gota"
    },
    {
      "code": "36",
      "display": "Hora"
    },
    {
      "code": "37",
      "display": "Implante"
    },
    {
      "code": "38",
      "display": "kg (Quilograma)"
    },
    {
      "code": "39",
      "display": "L (Litro)"
    },
    {
      "code": "40",
      "display": "Lata"
    },
    {
      "code": "41",
      "display": "m (Metro)"
    },
    {
      "code": "42",
      "display": "mEq (Miliequivalente)"
    },
    {
      "code": "43",
      "display": "mg (Miligrama)"
    },
    {
      "code": "44",
      "display": "Micrograma"
    },
    {
      "code": "45",
      "display": "Microlitro"
    },
    {
      "code": "46",
      "display": "Milhões"
    },
    {
      "code": "47",
      "display": "MUI (Milhões de unidades internacionais)"
    },
    {
      "code": "48",
      "display": "mL (Mililitro)"
    },
    {
      "code": "49",
      "display": "mm (Milímetro)"
    },
    {
      "code": "50",
      "display": "ng (Nanograma)"
    },
    {
      "code": "51",
      "display": "nL (Nanolitro)"
    },
    {
      "code": "52",
      "display": "Pastilha"
    },
    {
      "code": "53",
      "display": "Pastilha dura"
    },
    {
      "code": "54",
      "display": "Pastilha gomosa"
    },
    {
      "code": "55",
      "display": "Pílula"
    },
    {
      "code": "56",
      "display": "Saco"
    },
    {
      "code": "57",
      "display": "Seringa"
    },
    {
      "code": "58",
      "display": "Strip"
    },
    {
      "code": "59",
      "display": "Supositório"
    },
    {
      "code": "60",
      "display": "UI (Unidade Internacional)"
    },
    {
      "code": "61",
      "display": "UIC (Unidade Inibidora de Calicreína)"
    },
    {
      "code": "62",
      "display": "Unidade"
    },
    {
      "code": "63",
      "display": "UTR (Unidade Redutora da Turbidez)"
    },
    {
      "code": "64",
      "display": "Óvulo"
    }
  ]
}