{
  "resourceType": "ValueSet",
  "meta": {
    "lastUpdated": "2021-12-01T13:16:09.8385573+00:00"
  },
  "language": "pt-BR",
  "url": "http://www.saude.gov.br/fhir/r4/ValueSet/BRUnidadeMedidaMedicamento",
  "version": "01.00",
  "name": "Unidade de Medida de Medicamento",
  "status": "draft",
  "experimental": false,
  "date": "2021-12-01T13:16:09.8385573+00:00",
  "publisher": "Ministério da Saúde do Brasil",
  "description": "ValueSet utilizado para definir a unidade de medida de medicamentos sob informações do fabricante.",
  "immutable": false,
  "compose": {
    "include": [
      {
        "system": "http://www.saude.gov.br/fhir/r4/CodeSystem/BRUnidadeMedida",
        "version": "*"
      }
    ]
  }
}