{
  "resourceType": "ValueSet",
  "meta": {
    "lastUpdated": "2021-08-27T14:51:30.604+00:00"
  },
  "language": "pt-BR",
  "url": "http://www.saude.gov.br/fhir/r4/ValueSet/BRViaAdministracao-1.0",
  "version": "1.0",
  "name": "Via de Administração do Imunobiológico",
  "status": "active",
  "experimental": false,
  "date": "2020-03-12T14:51:30.2531733+00:00",
  "publisher": "Ministério da Saúde do Brasil",
  "description": "Via de administração de um imunobiológico.",
  "immutable": false,
  "compose": {
    "include": [
      {
        "system": "http://www.saude.gov.br/fhir/r4/CodeSystem/BRViaAdministracao",
        "version": "*"
      }
    ]
  }
}